1,100,'5456',81953,81954,81955,81956,81957
1,100,'5458',81958,81959,81960,81961,81962
1,101,'5456',81963,81964,81965,81966,81967
1,101,'5458',81968,81969,81970,81971,81972
2,200,'5456',81973,81974,81975,81976,81977,81978,81979,81980,81981,81982,81983,81984,81985,81986,81987,81988,81989,81990,81991,81992,81993,81994,81995,81996,81997,81998,81999,82000,82001,82002,82003,82004,82005,82006,82007
2,200,'5458',82008,82009,82010,82011,82012,82013,82014,82015,82016,82017,82018,82019,82020,82021,82022,82023,82024,82025,82026,82027,82028,82029,82030,82031,82032,82033,82034,82035,82036,82037,82038,82039,82040,82041,82042,82043
2,200,'5459',82044,98681,98682,98683,82048,82049,98684,82051,98685,82053,82054,98686,98687,82057,98688,98689,82060,98690,98691,98692,98693,98694,98695,82067,82068,98696,98697,98698,82072,98699
2,200,'5460',82074,82075,82076,82077,82078,82079,82080,82081,82082,82083,82084,82085,82086,82087,82088,82089,82090,82091,82092,82093,82094,82095,82096,82097,82098
2,200,'5461',82099,82100,82101,82102,82103,82104,82105,82106,82107,82108,82109,82110,82111,82112,82113,82114,82115,82116,82117,82118,82119,82120,82121,82122,82123
2,200,'5462',82124,82125,82126,82127,82128,82129,82130,82131,82132,82133,82134,82135,82136,82137,82138,82139,82140,82141,82142,82143,82144,82145,82146,82147,82148
2,200,'5463',82149,82150,82151,82152,82153,82154,82155,82156,82157,82158,82159,82160,82161,82162,82163,82164,82165,82166,82167,82168,82169,82170,82171,82172,82173
2,201,'5456',82174,82175,82176,82177,82178,82179,82180,82181,82182,82183,82184,82185,82186,82187,82188,82189,82190,82191,82192,82193,82194,82195,82196,82197,82198,82199,82200,82201,82202,82203,82204,82205,98700
2,201,'5458',82207,82208,82209,82210,82211,82212,82213,82214,82215,82216,82217,82218,82219,82220,82221,82222,82223,82224,82225,82226,82227,82228,82229,82230,82231,82232,82233,82234,82235,82236,82237,82238,82239,98701
2,201,'5459',82241,82242,82243,98702,82245,98703,82247,82248,98704,98705,82251,98706,82253,98707,98708,98709,98710,98711,98712,82260,98713,98714,82263,98715,82265,98716,98717,98718
2,201,'5460',82269,82270,82271,82272,82273,82274,82275,82276,82277,82278,82279,82280,82281,82282,82283,82284,82285,82286,82287,82288,82289,82290,82291,82292,82293
2,201,'5461',82294,82295,82296,82297,82298,82299,82300,82301,82302,82303,82304,82305,82306,82307,82308,82309,82310,82311,82312,82313,82314,82315,82316,82317,82318
2,201,'5462',82319,82320,82321,82322,82323,82324,82325,82326,82327,82328,82329,82330,82331,82332,82333,82334,82335,82336,82337,82338,82339,82340,82341,82342,82343
2,201,'5463',82344,82345,82346,82347,82348,82349,82350,82351,82352,82353,82354,82355,82356,82357,82358,82359,82360,82361,82362,82363,82364,82365,82366,82367,82368
3,300,'5456',82369,82370,82371,82372,82373,82374,82375,82376,82377,82378,82379,82380,82381,82382,82383,82384,82385,82386,82387,82388,82389,82390,82391,82392,82393,82394,82395,82396,82397
3,300,'5458',82398,82399,82400,82401,82402,82403,82404,82405,82406,82407,82408,82409,82410,82411,82412,82413,82414,82415,82416,82417,82418,82419,82420,82421,82422,82423,82424,82425,82426
3,300,'5459',82427,82428,82429,82430,82431,82432,82433,82434,82435,82436,82437,82438,82439,82440,82441,82442,82443,82444,82445,82446,82447,82448,82449,82450,82451,82452,82453,82454,82455
3,300,'5460',82456,82457,82458,82459,82460,82461,82462,82463,82464,82465,82466,82467,82468,82469,82470,82471,82472,82473,82474,82475,82476,82477,82478,82479,82480
3,300,'5461',82481,82482,82483,82484,82485,82486,82487,82488,82489,82490,82491,82492,82493,82494,82495,82496,82497,82498,82499,82500,82501,82502,82503,82504,82505
3,300,'5462',82506,82507,82508,82509,82510,82511,82512,82513,82514,82515,82516,82517,82518,82519,82520,82521,82522,82523,82524,82525,82526,82527,82528,82529,82530
3,300,'5463',82531,82532,82533,82534,82535,82536,82537,82538,82539,82540,82541,82542,82543,82544,82545,82546,82547,82548,82549,82550,82551,82552,82553,82554,82555
3,301,'5456',82556,82557,82558,82559,82560,82561,82562,82563,82564,82565,82566,82567,82568,82569,82570,82571,82572,82573,82574,82575,82576,82577,82578,82579,82580,82581,82582,82583,82584
3,301,'5458',82585,82586,82587,82588,82589,82590,82591,82592,82593,82594,82595,82596,82597,82598,82599,82600,82601,82602,82603,82604,82605,82606,82607,82608,82609,82610,82611,82612,82613
3,301,'5459',82614,82615,82616,82617,82618,82619,82620,82621,82622,82623,82624,82625,82626,82627,82628,82629,82630,82631,82632,82633,82634,82635,82636,82637,82638,82639,82640,82641
3,301,'5460',82642,82643,82644,82645,82646,82647,82648,82649,82650,82651,82652,82653,82654,82655,82656,82657,82658,82659,82660,82661,82662,82663,82664,82665
3,301,'5461',82666,82667,82668,82669,82670,82671,82672,82673,82674,82675,82676,82677,82678,82679,82680,82681,82682,82683,82684,82685,82686,82687,82688,82689
3,301,'5462',82690,82691,82692,82693,82694,82695,82696,82697,82698,82699,82700,82701,82702,82703,82704,82705,82706,82707,82708,82709,82710,82711,82712,82713
3,301,'5463',82714,82715,82716,82717,82718,82719,82720,82721,82722,82723,82724,82725,82726,82727,82728,82729,82730,82731,82732,82733,82734,82735,82736,82737
4,400,'5456',82738,82739,82740,82741,82742,98719,82744,82745,82746,98720,82748,82749,82750,82751,82752,82753,98721,82755,82756,82757,82758,98722,82760,98723,82762,82763,82764,82765,82766,82767,82768,98724,82770,82771,82772,82773,82774,82775,82776,98725,82778,82779,82780,82781,82782,82783,98726,82785,82786,82787,82788,82789,82790,82791,82792,82793,82794,82795,82796,98727,82798,82799,82800,82801,82802,82803,82804,82805,82806,82807,82808,82809,82810,82811,82812,82813,82814,82815,98728
4,400,'5458',82817,82818,82819,82820,82821,82822,98729,82824,82825,82826,98730,82828,82829,82830,82831,82832,82833,82834,98731,82836,82837,82838,82839,98732,82841,98733,82843,82844,82845,82846,82847,82848,82849,98734,82851,82852,82853,82854,82855,82856,82857,98735,82859,82860,82861,82862,82863,82864,98736,82866,82867,82868,82869,82870,82871,82872,82873,82874,82875,82876,82877,98737,82879,82880,82881,82882,82883,82884,82885,82886,82887,82888,82889,82890,82891,82892,82893,82894,82895,82896,82897,82898,82899,98738
4,400,'5459',82901,82902,82903,98739,82905,82906,82907,82908,82909,82910,82911,82912,82913,82914,82915,82916,82917,82918,82919,82920,82921,82922,82923,82924,82925,82926,98740,98741,82929,82930,98742,98743,98744,98745,82935,82936,82937,82938,98746,82940,82941,98747,82943,98748,82945,82946,82947,98749,82949,98750,82951,98751,82953,82954,82955,98752,98753,98754,82959,82960,82961,98755,98756,98757,82965,82966
4,400,'5460',82967,82968,82969,82970,82971,82972,98758,82974,82975,82976,82977,82978,82979,82980,82981,82982,82983,82984,82985,82986,82987,82988,82989,82990,82991,82992,82993,82994,82995,82996,82997,82998,82999,83000,83001,83002,83003,83004,98759,83006,83007,83008,83009,83010,83011,83012,83013
4,400,'5461',83014,83015,83016,98760,83018,83019,83020,83021,83022,83023,98761,83025,83026,83027,98762,83029,83030,98763,98764,83033,83034,98765,98766,83037,83038,98767,98768,83041,83042,98769,83044,83045,83046,83047,98770,83049,83050,98771,98772,98773,98774,98775,98776,83057,83058,83059,98777
4,400,'5462',83061,83062,83063,98778,83065,83066,83067,83068,83069,83070,98779,83072,83073,83074,98780,83076,83077,98781,98782,83080,83081,98783,98784,83084,83085,98785,98786,83088,83089,98787,83091,83092,83093,83094,98788,83096,83097,98789,98790,98791,98792,98793,98794,83104,83105,83106,98795
4,400,'5463',83108,83109,83110,98796,83112,83113,83114,83115,83116,83117,98797,83119,83120,83121,98798,83123,83124,98799,98800,83127,83128,98801,98802,83131,83132,98803,98804,83135,83136,98805,83138,83139,83140,83141,98806,83143,83144,98807,98808,98809,98810,98811,98812,83151,83152,83153,98813
4,401,'5456',98814,83156,83157,83158,98815,83160,83161,83162,83163,83164,83165,83166,98816,83168,83169,83170,83171,83172,83173,83174,83175,83176,83177,83178,83179,83180,83181,83182,83183,83184,83185,83186,83187,83188,83189,83190,83191,83192,83193,83194,83195,83196,83197,83198,83199,98817,83201,83202,83203,83204,83205,98818,83207,83208,83209,83210,83211,83212,83213,83214,83215,83216,83217,83218,83219,83220,83221,83222,83223,83224,98819,83226,83227,83228
4,401,'5458',98820,83230,83231,83232,98821,83234,83235,83236,83237,83238,83239,83240,83241,98822,83243,83244,83245,83246,83247,83248,83249,83250,83251,83252,83253,83254,83255,83256,83257,83258,83259,83260,83261,83262,83263,83264,83265,83266,83267,83268,83269,83270,83271,83272,83273,83274,83275,83276,83277,98823,83279,83280,83281,83282,83283,98824,83285,83286,83287,83288,83289,83290,83291,83292,83293,83294,83295,83296,83297,83298,83299,83300,83301,83302,98825,83304,83305,83306
4,401,'5459',98826,83308,83309,83310,83311,83312,83313,83314,83315,83316,83317,83318,83319,83320,83321,83322,83323,83324,83325,83326,83327,83328,83329,83330,83331,83332,83333,98827,98828,98829,98830,98831,83339,98832,83341,98833,98834,83344,83345,98835,83347,83348,83349,83350,83351,83352,98836,83354,98837,83356,83357,83358,98838,83360,98839,98840,83363,83364,83365,83366,83367,98841,98842,83370
4,401,'5460',83371,83372,83373,83374,83375,83376,98843,83378,83379,83380,83381,83382,83383,83384,83385,83386,83387,83388,83389,83390,83391,83392,83393,83394,83395,83396,83397,83398,83399,83400,83401,83402,83403,83404,83405,83406,83407,83408,98844,83410,83411,83412,83413,83414,83415,83416,83417,83418
4,401,'5461',83419,83420,83421,98845,83423,83424,83425,83426,83427,83428,98846,83430,83431,83432,98847,83434,83435,98848,98849,83438,83439,98850,98851,83442,83443,98852,98853,83446,83447,98854,83449,83450,83451,83452,98855,83454,83455,98856,98857,98858,98859,98860,98861,98862,83463,83464,83465,98863
4,401,'5462',83467,83468,83469,98864,83471,83472,83473,83474,83475,83476,98865,83478,83479,83480,98866,83482,83483,98867,98868,83486,83487,98869,98870,83490,83491,98871,98872,83494,83495,98873,83497,83498,83499,83500,98874,83502,83503,98875,98876,98877,98878,98879,98880,98881,83511,83512,83513,98882
4,401,'5463',83515,83516,83517,98883,83519,83520,83521,83522,83523,83524,98884,83526,83527,83528,98885,83530,83531,98886,98887,83534,83535,98888,98889,83538,83539,98890,98891,83542,83543,98892,83545,83546,83547,83548,98893,83550,83551,98894,98895,98896,98897,98898,98899,98900,83559,83560,83561,98901
5,500,'5456',83563,83564,83565,83566,83567,83568,83569,83570,83571,83572,83573,83574,83575,83576,83577,83578,83579,83580,83581,83582,83583,83584
5,500,'5458',83585,83586,83587,83588,83589,83590,83591,83592,83593,83594,83595,83596,83597,83598,83599,83600,83601,83602,83603,83604,83605,83606
5,500,'5459',83607,98902,98903,98904,98905,83612,83613,98906,83615,98907,83617,98908,98909,98910,83621,98911,98912,98913,98914
5,500,'5460',83626,83627,83628,83629,83630,83631,83632,83633,83634,83635,83636,98915,98916,98917,83640,83641
5,500,'5461',83642,83643,83644,83645,83646,83647,83648,83649,83650,83651,83652,83653,83654,83655,83656,83657
5,500,'5462',83658,83659,83660,83661,83662,83663,83664,83665,83666,83667,83668,83669,83670,83671,83672,83673
5,500,'5463',83674,83675,83676,83677,83678,83679,83680,83681,83682,83683,83684,83685,83686,83687,83688,83689
5,501,'5456',83690,83691,83692,83693,83694,83695,83696,83697,83698,83699,83700,83701,83702,83703,83704,83705,83706,83707,83708,83709,83710,83711,83712
5,501,'5458',83713,83714,83715,83716,83717,83718,83719,83720,83721,83722,83723,83724,83725,83726,83727,83728,83729,83730,83731,83732,83733,83734,83735
5,501,'5459',98918,98919,98920,83739,98921,98922,83742,83743,98923,83745,98924,98925,98926,83749,98927,83751,98928,98929,98930,98931
5,501,'5460',83756,83757,83758,83759,83760,83761,83762,83763,83764,83765,83766,83767,98932,98933,98934,83771,83772
5,501,'5461',83773,83774,83775,83776,83777,83778,83779,83780,83781,83782,83783,83784,83785,83786,83787,83788,83789
5,501,'5462',83790,83791,83792,83793,83794,83795,83796,83797,83798,83799,83800,83801,83802,83803,83804,83805,83806
5,501,'5463',83807,83808,83809,83810,83811,83812,83813,83814,83815,83816,83817,83818,83819,83820,83821,83822,83823
6,600,'5456',83824,83825,83826,83827,83828,83829,83830,98935,83832,83833,83834,83835,83836,83837,98936,83839,83840,83841,83842,83843,83844,83845,83846,83847,83848,98937,83850,83851,83852,98938,83854,83855,83856,83857,83858,83859,83860,98939,83862,83863,83864,83865,83866,98940,83868,98941,83870,83871,83872,83873
6,600,'5458',83874,83875,83876,83877,83878,83879,83880,98942,83882,83883,98943,83885,83886,83887,98944,83889,83890,83891,83892,98945,83894,98946,83896,83897,83898,98947,83900,83901,83902,98948,83904,83905,83906,83907,83908,83909,83910,98949,83912,83913,83914,83915,83916,98950,83918,98951,83920,83921,83922,83923,83924,83925,98952,98953,98954
6,600,'5459',83929,98955,83931,83932,83933,98956,98957,98958,98959,98960,98961,98962,98963,83942,98964,83944,98965,98966,83947,83948,83949,98967,98968,83952,83953,98969,98970,98971,83957,83958,98972,98973,83961,83962,98974,98975,98976,98977,83967,98978,83969,83970,98979,98980,83973,98981,98982,98983,98984,98985,98986,98987,83981,98988,98989,83984,83985,83986,98990,83988,98991,98992,98993,98994
6,600,'5460',98995,98996,98997,98998,98999,99000,99001,99002,99003,99004,84003,99005,84005,99006,84007,84008,99007,84010,99008,84012,84013,99009,99010,99011,99012,99013,99014,99015,99016,84022,99017,99018,99019,84026,84027,84028,84029,84030,99020,84032,99021,84034,99022,84036,84037,84038,84039,99023,99024,99025
6,600,'5461',99026,99027,84045,99028,99029,84048,99030,99031,99032,99033,99034,99035,84055,99036,99037,84058,84059,84060,99038,84062,84063,99039,84065,99040,99041,99042,99043,99044,99045,84072,99046,99047,99048,84076,84077,84078,84079,84080,99049,84082,84083,84084,99050,84086,84087,84088,84089,99051,99052,99053
6,600,'5462',99054,99055,84095,99056,99057,84098,99058,99059,99060,99061,99062,99063,84105,99064,99065,84108,84109,84110,99066,84112,84113,99067,84115,99068,99069,99070,99071,99072,99073,84122,99074,99075,99076,84126,84127,84128,84129,84130,99077,84132,84133,84134,99078,84136,84137,84138,84139,99079,99080,99081
6,600,'5463',99082,99083,84145,99084,99085,84148,99086,99087,99088,99089,99090,99091,84155,99092,99093,84158,84159,84160,99094,84162,84163,99095,84165,99096,99097,99098,99099,99100,99101,84172,99102,99103,99104,84176,84177,84178,84179,84180,99105,84182,84183,84184,99106,84186,84187,84188,84189,99107,99108,99109
6,601,'5456',99110,84194,84195,84196,99111,84198,84199,99112,84201,84202,84203,84204,84205,84206,99113,84208,99114,84210,84211,84212,84213,84214,84215,84216,84217,84218,99115,99116,84221,84222,84223,84224,84225,84226,84227,84228,84229,99117,84231,84232,84233,84234,99118,84236,84237,84238,84239,84240,99119,99120,84243,84244
6,601,'5458',99121,84246,84247,84248,99122,84250,84251,99123,84253,99124,84255,99125,84257,84258,99126,84260,99127,84262,84263,84264,84265,84266,99128,84268,84269,84270,99129,99130,84273,84274,84275,84276,84277,84278,84279,84280,84281,99131,84283,84284,84285,84286,99132,84288,84289,84290,84291,84292,99133,99134,84295,84296,84297,99135,99136,84300
6,601,'5459',84301,99137,84303,99138,99139,99140,99141,99142,99143,84310,99144,99145,84313,84314,99146,99147,99148,99149,84319,99150,84321,99151,84323,99152,84325,99153,99154,99155,84329,99156,84331,84332,84333,99157,84335,99158,99159,84338,99160,99161,99162,84342,99163,99164,99165,84346,99166,99167,84349,99168,99169,99170,84353,99171,99172,84356,99173,84358,99174,84360,99175,99176,99177,99178
6,601,'5460',99179,99180,99181,99182,99183,99184,99185,99186,99187,84374,99188,99189,84377,99190,84379,99191,99192,84382,84383,84384,99193,84386,84387,99194,99195,99196,99197,99198,99199,99200,99201,99202,99203,99204,84399,84400,84401,84402,84403,84404,84405,99205,84407,84408,84409,84410,99206,99207,99208
6,601,'5461',99209,99210,84416,99211,99212,99213,99214,84421,99215,99216,99217,99218,84426,99219,84428,99220,84430,84431,84432,99221,99222,84435,84436,99223,99224,99225,84440,99226,99227,99228,99229,84445,99230,84447,84448,84449,84450,84451,84452,84453,84454,99231,84456,84457,84458,84459,99232,99233,99234
6,601,'5462',99235,99236,84465,99237,99238,99239,99240,84470,99241,99242,99243,99244,84475,99245,84477,99246,84479,84480,84481,99247,99248,84484,84485,99249,99250,99251,84489,99252,99253,99254,99255,84494,99256,84496,84497,84498,84499,84500,84501,84502,84503,99257,84505,84506,84507,84508,99258,99259,99260
6,601,'5463',99261,99262,84514,99263,99264,99265,99266,84519,99267,99268,99269,99270,84524,99271,84526,99272,84528,84529,84530,99273,99274,84533,84534,99275,99276,99277,84538,99278,99279,99280,99281,84543,99282,84545,84546,84547,84548,84549,84550,84551,84552,99283,84554,84555,84556,84557,99284,99285,99286
7,700,'5456',84561,84562,84563,84564,84565,84566,84567,84568,84569,84570,84571,84572,99287,84574,84575,84576,84577,84578,84579,84580,84581,84582,84583,84584,84585,84586,84587,84588,84589,84590,84591,84592,84593,84594,84595,84596,84597,84598,84599,84600,84601,84602,84603,84604,84605,84606,84607,84608
7,700,'5458',84609,84610,84611,84612,84613,84614,84615,84616,84617,84618,84619,84620,99288,84622,84623,84624,84625,84626,84627,84628,84629,84630,84631,84632,84633,84634,84635,84636,84637,84638,84639,84640,84641,84642,84643,84644,84645,84646,84647,84648,84649,84650,84651,84652,84653,84654,84655,84656
7,700,'5459',84657,99289,99290,84660,84661,84662,99291,99292,99293,99294,99295,84668,84669,84670,99296,84672,84673,84674,84675,84676,84677,99297,99298,84680,84681,84682,84683,84684,84685
7,700,'5460',99299,84687,99300,99301,84690,99302,84692,84693,99303,84695,84696,84697,84698,84699,99304,84701,84702,99305,84704,84705,84706,99306,84708,84709,105805,84711
7,700,'5461',84712,84713,84714,84715,84716,99307,84718,84719,99308,84721,84722,84723,84724,99309,84726,84727,84728,84729,84730,84731,84732,99310,84734,99311,105806,84737
7,700,'5462',84738,84739,84740,84741,84742,99313,84744,84745,99314,84747,84748,84749,84750,99315,84752,84753,84754,84755,84756,84757,84758,99316,84760,99317,105807,84763
7,700,'5463',84764,84765,84766,84767,84768,99319,84770,84771,99320,84773,84774,84775,84776,99321,84778,84779,84780,84781,84782,84783,84784,99322,84786,99323,105808,84789
7,701,'5456',84790,84791,84792,84793,84794,84795,84796,84797,84798,84799,84800,84801,99325,84803,84804,84805,84806,84807,84808,84809,84810,84811,84812,84813,84814,84815,84816,84817,99326,84819,84820,84821,84822,84823,84824,84825,84826,84827,84828,84829,84830,84831,99327,84833,84834,84835,84836,84837
7,701,'5458',84838,84839,84840,84841,84842,84843,84844,84845,84846,84847,84848,84849,99328,84851,84852,84853,84854,84855,84856,84857,84858,84859,84860,84861,84862,84863,84864,84865,99329,84867,84868,84869,84870,84871,84872,84873,84874,84875,84876,84877,84878,84879,99330,84881,84882,84883,84884,84885
7,701,'5459',84886,84887,99331,99332,84890,99333,84892,99334,99335,99336,84896,84897,84898,99337,84900,99338,84902,84903,84904,84905,99339,99340,99341,84909,84910,84911,84912,84913,84914
7,701,'5460',84915,84916,84917,84918,99342,99343,84921,84922,99344,84924,84925,84926,99345,84928,84929,99346,99347,99348,84933,84934,99349,84936,84937,99350,84939,105809
7,701,'5461',99351,99352,84943,84944,84945,99353,84947,84948,99354,84950,84951,84952,84953,84954,84955,84956,99355,99356,84959,84960,99357,84962,84963,99358,84965,105810
7,701,'5462',99360,99361,84969,84970,84971,99362,84973,84974,99363,84976,84977,84978,84979,84980,84981,84982,99364,99365,84985,84986,99366,84988,84989,99367,84991,105811
7,701,'5463',99369,99370,84995,84996,84997,99371,84999,85000,99372,85002,85003,85004,85005,85006,85007,85008,99373,99374,85011,85012,99375,85014,85015,99376,85017,105812
8,800,'5456',85019,85020,85021,85022,85023,85024,85025,85026,85027,85028,85029,85030,85031,85032,85033,85034,85035,85036,85037,85038,85039,85040,85041,85042,99378,85044
8,800,'5458',85045,85046,85047,85048,85049,85050,85051,85052,85053,85054,85055,85056,85057,85058,85059,85060,85061,85062,85063,85064,85065,85066,85067,85068,99379,85070
8,800,'5459',85071,85072,85073,85074,85075,85076,85077,85078,85079,85080,85081,85082,85083,85084,85085
8,800,'5460',85086,85087,85088,85089,85090,99380,99381,85093,99382,85095,99383
8,800,'5461',85097,99384,85099,85100,85101,85102,85103,85104,85105,85106,85107
8,800,'5462',85108,99385,85110,85111,85112,85113,85114,85115,85116,85117,85118
8,800,'5463',85119,99386,85121,85122,85123,85124,85125,85126,85127,85128,85129
8,801,'5456',85130,85131,85132,85133,99387,85135,85136,85137,85138,85139,85140,85141,85142,85143,85144,85145,85146,85147,85148,85149,85150,85151,85152,85153,99388,85155
8,801,'5458',85156,85157,85158,85159,99389,85161,85162,85163,85164,85165,85166,85167,85168,85169,85170,85171,85172,85173,85174,85175,85176,85177,85178,85179,99390,85181
8,801,'5459',85182,85183,85184,85185,85186,85187,85188,85189,85190,85191,85192,85193,85194,85195,85196
8,801,'5460',99391,85198,85199,99392,85201,85202,99393,85204,99394,85206,99395
8,801,'5461',85208,99396,85210,85211,85212,85213,85214,85215,85216,85217,85218
8,801,'5462',85219,99397,85221,85222,85223,85224,85225,85226,85227,85228,85229
8,801,'5463',85230,99398,85232,85233,85234,85235,85236,85237,85238,85239,85240
9,900,'5456',85241,99399,99400,85244,85245
9,900,'5458',85246,99401,99402,85249,85250
9,901,'5456',99403,99404,85253,85254,85255,85256,85257,85258
9,901,'5458',99405,99406,85261,85262,85263,85264,85265,85266
10,1000,'5456',85267,85268,85269,85270,85271,85272,85273,85274,85275,85276,85277,85278,85279,85280,85281,85282,85283,85284,85285,85286
10,1000,'5458',85287,85288,85289,85290,85291,85292,85293,85294,85295,85296,85297,85298,85299,85300,85301,85302,85303,85304,85305,85306
10,1000,'5459',85307,85308,85309,85310,85311,85312,85313,85314,85315,85316,85317,85318,85319,85320
10,1000,'5460',85321,85322,85323,85324,85325,85326,85327,85328,85329,85330,85331,85332,85333
10,1000,'5461',85334,85335,85336,85337,85338,85339,85340,85341,85342,85343,85344,85345,85346
10,1000,'5462',85347,85348,85349,85350,85351,85352,85353,85354,85355,85356,85357,85358,85359
10,1000,'5463',85360,85361,85362,85363,85364,85365,85366,85367,85368,85369,85370,85371,85372
10,1001,'5456',85373,85374,85375,85376,85377,85378,85379,85380,85381,85382,85383,85384,85385,85386,85387,85388,85389,85390,85391,85392
10,1001,'5458',85393,85394,85395,85396,85397,85398,85399,85400,85401,85402,85403,85404,85405,85406,85407,85408,85409,85410,85411,85412
10,1001,'5459',85413,85414,85415,85416,85417,85418,85419,85420,85421,85422,85423,85424,85425,85426
10,1001,'5460',85427,85428,85429,85430,85431,85432,85433,85434,85435,85436,85437,85438,85439,85440
10,1001,'5461',85441,85442,85443,85444,85445,85446,85447,85448,85449,85450,85451,85452,85453,85454
10,1001,'5462',85455,85456,85457,85458,85459,85460,85461,85462,85463,85464,85465,85466,85467,85468
10,1001,'5463',85469,85470,85471,85472,85473,85474,85475,85476,85477,85478,85479,85480,85481,85482
11,1100,'5456',85483,85484,85485,85486,85487,85488,85489,85490,85491,85492,85493,99407,85495,85496,85497,85498,85499,85500,85501,85502,85503,85504,85505,85506,99408,99409,85509,85510,85511,99410,85513,85514,99411,85516,85517,99412,85519,99413,99414,99415,99416,99417,99418,99419,99420,99421,99422,99423,85531,85532
11,1100,'5458',85533,85534,85535,85536,85537,85538,85539,85540,85541,85542,85543,99424,85545,85546,85547,85548,85549,85550,85551,85552,85553,85554,85555,85556,99425,99426,85559,85560,85561,99427,85563,85564,99428,85566,85567,99429,85569,99430,99431,99432,99433,99434,99435,99436,99437,99438,99439,99440,85581,85582
11,1100,'5459',99441,99442,85585,99443,85587,99444,99445,85590,85591,99446,99447,85594,85595,99448,85597,99449,85599,99450,99451,99452,99453,99454,99455,85606,99456,85608,99457,99458,99459,99460,99461,85614,99462,99463,99464,99465,99466,99467
11,1100,'5460',85621,85622,99468,99469,85625,99470,99471,99472,99473,99474,99475,99476,99477,99478,99479,99480,99481,99482,99483,99484,99485,99486,99487,99488,99489,99490,99491,99492,99493
11,1100,'5461',99494,85651,99495,99496,99497,99498,99499,99500,99501,99502,85660,99503,99504,99505,99506,85665,85666,85667,99507,99508,85670,99509,99510,99511,99512,99513,99514,99515,99516
11,1100,'5462',99517,85680,99518,99519,99520,99521,99522,99523,99524,99525,85689,99526,99527,99528,99529,85694,85695,85696,99530,99531,85699,99532,99533,99534,99535,99536,99537,99538,99539
11,1100,'5463',99540,85709,99541,99542,99543,99544,99545,99546,99547,99548,85718,99549,99550,99551,99552,85723,85724,85725,99553,99554,85728,99555,99556,99557,99558,99559,99560,99561,99562
11,1101,'5456',85737,85738,85739,85740,85741,85742,85743,85744,85745,99563,99564,85748,85749,85750,85751,85752,85753,85754,85755,85756,85757,85758,85759,85760,99565,99566,85763,85764,85765,99567,99568,99569,85769,85770,99570,99571,99572,99573,99574,99575,99576,99577,99578,99579,99580,99581,99582,85784
11,1101,'5458',85785,85786,85787,85788,85789,85790,85791,85792,85793,99583,99584,85796,85797,85798,85799,85800,85801,85802,85803,85804,85805,85806,85807,85808,99585,99586,85811,85812,85813,99587,99588,99589,85817,85818,99590,99591,99592,99593,99594,99595,99596,99597,99598,99599,99600,99601,99602,85832
11,1101,'5459',99603,99604,85835,99605,99606,85838,85839,99607,99608,85842,85843,85844,99609,85846,99610,85848,99611,99612,99613,99614,99615,99616,99617,99618,99619,99620,99621,99622,99623,99624,99625,85864,99626,99627,99628,99629,99630,99631,85871
11,1101,'5460',85872,85873,85874,99632,99633,99634,99635,99636,99637,99638,99639,99640,99641,99642,99643,99644,99645,99646,99647,99648,99649,99650,99651,99652,99653,99654,99655,99656,99657,99658
11,1101,'5461',99659,85903,85904,99660,99661,99662,99663,99664,99665,99666,85912,99667,85914,85915,99668,99669,99670,85919,99671,85921,99672,99673,99674,99675,99676,99677,99678,99679,99680,99681
11,1101,'5462',99682,85933,85934,99683,99684,99685,99686,99687,99688,99689,85942,99690,85944,85945,99691,99692,99693,85949,99694,85951,99695,99696,99697,99698,99699,99700,99701,99702,99703,99704
11,1101,'5463',99705,85963,85964,99706,99707,99708,99709,99710,99711,99712,85972,99713,85974,85975,99714,99715,99716,85979,99717,85981,99718,99719,99720,99721,99722,99723,99724,99725,99726,99727
12,1200,'5456',85992,99728,99729,85995,85996,85997,85998,85999,86000,86001,86002,99730,86004,86005,99731,99732,99733,86009,86010,86011,86012,99734,99735,99736,86016,99737,99738,99739,99740,86021,86022
12,1200,'5458',86023,99741,99742,86026,86027,86028,86029,86030,86031,86032,86033,99743,86035,86036,99744,99745,99746,86040,86041,86042,86043,99747,99748,99749,86047,99750,99751,99752,99753,86052,86053
12,1200,'5459',99754,86055,99755,99756,86058,99757,86060,86061,86062,99758,99759
12,1200,'5460',86065,86066,86067,99760,99761,99762,99763,99764,86073,86074,86075
12,1200,'5461',99765,86077,86078,86079,99766,99767,99768,99769,86084,86085,86086
12,1200,'5462',99770,86088,86089,86090,99771,99772,99773,99774,86095,86096,86097
12,1200,'5463',99775,86099,86100,86101,99776,99777,99778,99779,86106,86107,86108
12,1201,'5456',86109,99780,99781,86112,86113,86114,86115,86116,86117,86118,86119,86120,86121,99782,86123,99783,99784,99785,86127,86128,86129,99786,99787,86132,86133,86134,99788
12,1201,'5458',86136,99789,99790,86139,86140,86141,86142,86143,86144,86145,86146,86147,86148,99791,86150,99792,99793,99794,86154,86155,86156,99795,99796,86159,86160,86161,99797
12,1201,'5459',99798,99799,86165,99800,86167,86168,99801,86170,86171,99802,99803
12,1201,'5460',86174,86175,86176,99804,99805,99806,99807,99808,86182,86183,86184
12,1201,'5461',86185,99809,86187,99810,86189,99811,99812,99813,86193,86194,86195
12,1201,'5462',86196,99814,86198,99815,86200,99816,99817,99818,86204,86205,86206
12,1201,'5463',86207,99819,86209,99820,86211,99821,99822,99823,86215,86216,86217
14,1400,'5456',86218,86219,99824,99825,86222,86223,86224,86225,86226,86227,86228,86229,86230,99826,86232,99827,86234,86235,86236,86237,86238,99828,86240,86241,86242,86243,86244,86245,99829,86247,99830,86249,99831,86251,86252,86253,86254,86255,99832,86257,86258,86259,86260,99833,99834,86263,86264,86265,86266,99835,86268,86269,86270,86271,99836,99837,99838,99839,99840,99841,99842,86279,86280,86281,86282,99843,86284,99844,99845,99846,86288,86289,86290,86291,86292,99847,86294,86295,86296,99848,99849,86299,86300,86301
14,1400,'5458',86302,86303,99850,99851,86306,86307,86308,86309,86310,86311,86312,86313,86314,99852,86316,99853,86318,86319,86320,86321,86322,99854,86324,86325,86326,86327,86328,86329,99855,86331,99856,86333,99857,86335,86336,86337,86338,86339,99858,86341,86342,86343,86344,99859,99860,86347,86348,86349,86350,99861,86352,86353,86354,86355,99862,99863,99864,99865,99866,99867,99868,86363,86364,86365,86366,99869,86368,99870,99871,99872,86372,86373,86374,86375,86376,99873,86378,86379,86380,99874,99875,86383,86384,86385,86386,99876,86388,86389
14,1400,'5459',86390,99877,99878,99879,99880,86395,99881,86397,86398,86399,86400,99882,99883,86403,99884,99885,99886,86407,99887,99888,99889,86411,86412,86413,86414,86415,86416,86417,99890,86419,99891,86421,86422,99892,99893,99894,99895,99896,99897,99898,99899,99900,99901,99902,99903,99904,99905,99906,99907,99908,99909,99910,86442,86443,86444,99911,99912,99913,86448,86449,99914,86451,86452,86453,99915,99916,86456,86457
14,1400,'5460',86458,86459,86460,86461,86462,86463,86464,86465,86466,99917,86468,86469,86470,86471,86472,86473,86474,86475,86476,86477,86478,86479,86480,86481,86482,86483,86484,86485,86486,86487,86488,86489,86490,86491,86492,99918,86494,99919,86496,86497,86498,86499,86500,99920,86502,99921,99922,99923,86506,86507,86508,86509,86510,86511,99924,86513,86514,86515
14,1400,'5461',86516,86517,86518,86519,99925,86521,86522,99926,86524,99927,86526,86527,86528,99928,99929,86531,86532,86533,86534,86535,99930,86537,99931,86539,86540,99932,86542,86543,86544,86545,86546,86547,86548,86549,99933,86551,99934,86553,86554,86555,86556,86557,86558,86559,86560,86561,86562,105813,86564,86565,86566,86567,86568,86569,86570,86571,86572,86573
14,1400,'5462',86574,86575,86576,86577,99936,86579,86580,99937,86582,99938,86584,86585,86586,99939,99940,86589,86590,86591,86592,86593,99941,86595,99942,86597,86598,99943,86600,86601,86602,86603,86604,86605,86606,86607,99944,86609,99945,86611,86612,86613,86614,86615,86616,86617,86618,86619,86620,105814,86622,86623,86624,86625,86626,86627,86628,86629,86630,86631
14,1400,'5463',86632,86633,86634,86635,99947,86637,86638,99948,86640,99949,86642,86643,86644,99950,99951,86647,86648,86649,86650,86651,99952,86653,99953,86655,86656,99954,86658,86659,86660,86661,86662,86663,86664,86665,99955,86667,99956,86669,86670,86671,86672,86673,86674,86675,86676,86677,86678,105815,86680,86681,86682,86683,86684,86685,86686,86687,86688,86689
14,1401,'5456',86690,86691,86692,86693,86694,86695,86696,86697,86698,86699,86700,86701,86702,86703,99958,86705,86706,99959,86708,86709,86710,86711,86712,86713,86714,86715,99960,86717,99961,86719,99962,86721,86722,86723,86724,86725,99963,86727,99964,86729,99965,99966,86732,86733,86734,86735,99967,86737,86738,86739,86740,86741,99968,99969,99970,99971,99972,86747,99973,99974,99975,86751,86752,86753,99976,99977,99978,99979,99980,99981,99982,86761,86762,86763,86764,86765,86766,99983,99984,86769,86770,86771,86772,86773,99985,86775,86776,86777,86778,99986,86780
14,1401,'5458',86781,86782,99987,86784,86785,86786,86787,86788,86789,86790,99988,99989,86793,99990,99991,86796,86797,99992,86799,86800,86801,86802,86803,86804,86805,86806,99993,86808,99994,86810,99995,86812,86813,86814,86815,86816,99996,86818,99997,86820,99998,99999,86823,86824,86825,86826,100000,86828,86829,86830,86831,86832,100001,100002,100003,100004,100005,86838,100006,100007,100008,86842,86843,86844,100009,100010,100011,100012,100013,100014,100015,86852,86853,86854,86855,86856,86857,100016,100017,86860,86861,86862,86863,86864,100018,86866,86867,86868,86869,100019,86871,100020,86873
14,1401,'5459',100021,100022,100023,100024,86878,100025,100026,86881,100027,86883,100028,86885,86886,100029,100030,86889,86890,100031,86892,100032,100033,100034,100035,100036,100037,100038,100039,100040,100041,100042,100043,100044,100045,100046,100047,86909,100048,86911,100049,100050,100051,86915,86916,86917,100052,86919,100053,86921,100054,100055,86924,86925,86926,100056,86928,86929,100057,86931,86932,86933,100058,100059,86936,100060,100061,86939,86940
14,1401,'5460',86941,86942,86943,86944,86945,86946,86947,86948,86949,86950,86951,86952,86953,86954,86955,86956,86957,86958,86959,86960,86961,86962,86963,86964,86965,86966,86967,86968,86969,86970,86971,86972,86973,86974,86975,100062,86977,100063,100064,100065,86981,86982,86983,86984,100066,100067,100068,86988,86989,86990,86991,86992,86993,86994,86995,86996,100069,86998,100070,87000,87001
14,1401,'5461',87002,87003,100071,87005,87006,100072,87008,87009,87010,100073,87012,87013,100074,87015,87016,87017,87018,87019,87020,87021,87022,87023,100075,87025,100076,100077,87028,87029,87030,87031,87032,87033,87034,87035,87036,87037,87038,87039,87040,87041,100078,100079,87044,87045,100080,87047,87048,87049,87050,100081,87052,87053,87054,87055,87056,87057,100082,87059,87060,87061,87062
14,1401,'5462',87063,87064,100083,87066,87067,100084,87069,87070,87071,100085,87073,87074,100086,87076,87077,87078,87079,87080,87081,87082,87083,87084,100087,87086,100088,100089,87089,87090,87091,87092,87093,87094,87095,87096,87097,87098,87099,87100,87101,87102,100090,100091,87105,87106,100092,87108,87109,87110,87111,100093,87113,87114,87115,87116,87117,87118,100094,87120,87121,87122,87123
14,1401,'5463',87124,87125,100095,87127,87128,100096,87130,87131,87132,100097,87134,87135,100098,87137,87138,87139,87140,87141,87142,87143,87144,87145,100099,87147,100100,100101,87150,87151,87152,87153,87154,87155,87156,87157,87158,87159,87160,87161,87162,87163,100102,100103,87166,87167,100104,87169,87170,87171,87172,100105,87174,87175,87176,87177,87178,87179,100106,87181,87182,87183,87184
15,1500,'5456',87185,87186,87187,100107,100108,100109,87191,87192,100110,87194,87195,100111,100112,100113,87199,87200,87201,87202,87203,87204,87205,100114,100115,87208,87209,100116,100117,100118,100119,100120,100121,87216,87217,100122,87219,100123,100124,100125,87223,100126,87225,100127,87227,100128,87229,87230,100129,100130,100131,100132,87235,100133,100134,87238,100135,87240,100136,100137,87243,100138,100139,87246,87247,100140,100141,87250,87251,100142,87253,87254,100143,100144,87257
15,1500,'5458',87258,87259,87260,100145,100146,100147,87264,87265,100148,87267,87268,100149,100150,100151,87272,87273,87274,87275,87276,87277,87278,100152,100153,87281,87282,100154,100155,100156,100157,100158,100159,87289,87290,100160,87292,100161,100162,100163,87296,100164,87298,100165,87300,100166,87302,87303,100167,100168,100169,100170,87308,100171,100172,87311,100173,87313,100174,100175,87316,100176,100177,87319,87320,100178,100179,87323,87324,100180,87326,87327,100181,100182,87330,87331,100183,87333,87334
15,1500,'5459',100184,100185,87337,100186,87339,100187,87341,87342,100188,87344,100189,87346,100190,87348,87349,87350,87351,87352,87353,87354,100191,100192,87357,87358,87359,87360,87361,100193,87363,100194,87365,87366,87367,87368,87369,87370,87371,87372,87373,87374,87375,87376,87377,87378,87379,87380,100195,87382,100196,100197,100198,100199,87387,100200,100201,100202,87391,87392,87393,100203,87395,100204,100205,100206,100207,100208,100209,87402,100210
15,1500,'5460',100211,87405,100212,87407,87408,87409,87410,87411,87412,87413,87414,87415,87416,87417,87418,87419,87420,87421,100213,100214,87424,87425,87426,87427,100215,100216,87430,87431,87432,87433,87434,87435,87436,100217,87438,87439,87440,87441,100218,87443,87444,87445,100219,87447,87448,87449,87450,100220,100221,100222,87454,87455,87456,87457,100223,87459,87460
15,1500,'5461',87461,87462,87463,87464,87465,87466,100224,87468,87469,100225,87471,87472,87473,87474,87475,87476,87477,87478,87479,87480,100226,87482,87483,100227,87485,87486,87487,100228,87489,87490,87491,100229,87493,87494,87495,100230,87497,87498,87499,87500,87501,87502,87503,100231,87505,87506,100232,87508,87509,87510,87511,87512,87513,100233,87515,87516,87517
15,1500,'5462',87518,87519,87520,87521,87522,87523,100234,87525,87526,100235,87528,87529,87530,87531,87532,87533,87534,87535,87536,87537,100236,87539,87540,100237,87542,87543,87544,100238,87546,87547,87548,100239,87550,87551,87552,100240,87554,87555,87556,87557,87558,87559,87560,100241,87562,87563,100242,87565,87566,87567,87568,87569,87570,100243,87572,87573,87574
15,1500,'5463',87575,87576,87577,87578,87579,87580,100244,87582,87583,100245,87585,87586,87587,87588,87589,87590,87591,87592,87593,87594,100246,87596,87597,100247,87599,87600,87601,100248,87603,87604,87605,100249,87607,87608,87609,100250,87611,87612,87613,87614,87615,87616,87617,100251,87619,87620,100252,87622,87623,87624,87625,87626,87627,100253,87629,87630,87631
15,1501,'5456',87632,100254,100255,87635,87636,87637,100256,100257,87640,87641,87642,100258,100259,100260,100261,87647,87648,100262,100263,87651,87652,100264,100265,87655,87656,100266,100267,100268,100269,100270,100271,100272,100273,100274,100275,100276,100277,100278,100279,87671,87672,100280,87674,100281,100282,100283,100284,87679,100285,100286,100287,100288,87684,87685,100289,87687,87688,100290,87690,87691,87692,87693,87694,100291,100292,87697,87698,100293,87700,87701,100294,100295,87704
15,1501,'5458',87705,100296,100297,87708,87709,87710,100298,100299,87713,87714,87715,100300,100301,100302,100303,87720,87721,100304,100305,87724,87725,100306,100307,87728,87729,100308,100309,100310,100311,100312,100313,100314,100315,100316,100317,100318,100319,100320,100321,87744,87745,100322,87747,100323,100324,100325,100326,87752,100327,100328,100329,100330,87757,87758,100331,87760,87761,100332,87763,87764,87765,87766,87767,100333,100334,87770,87771,100335,87773,87774,100336,100337,87777,87778,100338,87780,100339
15,1501,'5459',87782,100340,100341,100342,87786,87787,87788,100343,87790,87791,87792,87793,87794,87795,87796,87797,100344,100345,87800,100346,87802,100347,87804,87805,100348,100349,87808,87809,87810,100350,87812,87813,87814,87815,87816,87817,87818,87819,87820,87821,87822,87823,87824,87825,87826,87827,100351,87829,87830,100352,87832,87833,100353,100354,100355,100356,100357,87839,100358,87841,100359,100360,100361,100362,100363,87847,100364,87849
15,1501,'5460',100365,87851,87852,87853,87854,87855,87856,87857,87858,87859,87860,87861,87862,87863,87864,87865,87866,87867,100366,87869,100367,87871,87872,87873,100368,87875,100369,87877,100370,87879,87880,87881,87882,87883,100371,87885,87886,87887,100372,87889,87890,87891,87892,87893,87894,100373,100374,87897,87898,87899,87900,87901,100375,100376,87904,100377,87906,87907,100378,87909
15,1501,'5461',87910,87911,87912,87913,87914,87915,87916,100379,87918,87919,100380,87921,87922,87923,87924,100381,100382,87927,87928,87929,87930,87931,100383,100384,87934,87935,87936,87937,87938,87939,87940,87941,100385,87943,87944,87945,100386,87947,87948,87949,87950,87951,87952,87953,87954,87955,87956,87957,87958,87959,100387,87961,87962,87963,87964,87965,87966,87967,87968,87969
15,1501,'5462',87970,87971,87972,87973,87974,87975,87976,100388,87978,87979,100389,87981,87982,87983,87984,100390,100391,87987,87988,87989,87990,87991,100392,100393,87994,87995,87996,87997,87998,87999,88000,88001,100394,88003,88004,88005,100395,88007,88008,88009,88010,88011,88012,88013,88014,88015,88016,88017,88018,88019,100396,88021,88022,88023,88024,88025,88026,88027,88028,88029
15,1501,'5463',88030,88031,88032,88033,88034,88035,88036,100397,88038,88039,100398,88041,88042,88043,88044,100399,100400,88047,88048,88049,88050,88051,100401,100402,88054,88055,88056,88057,88058,88059,88060,88061,100403,88063,88064,88065,100404,88067,88068,88069,88070,88071,88072,88073,88074,88075,88076,88077,88078,88079,100405,88081,88082,88083,88084,88085,88086,88087,88088,88089
17,1700,'5456',88090
17,1700,'5458',88091
17,1701,'5456',88092
17,1701,'5458',88093
21,2100,'5456',88094,88095,88096,88097,88098,88099,88100,88101,88102,88103,88104,88105,88106,88107,88108,100406,88110,88111,88112,88113,88114,88115,88116,88117,88118,88119,88120,88121,88122,88123,88124,88125,88126,88127,88128,88129,88130,88131,88132,88133,88134,88135,88136,88137,88138,88139,88140
21,2100,'5458',88141,88142,88143,88144,88145,88146,88147,88148,88149,88150,88151,88152,88153,88154,88155,100407,88157,88158,88159,88160,88161,88162,88163,88164,88165,88166,88167,88168,88169,88170,88171,88172,88173,88174,88175,88176,88177,88178,88179,88180,88181,88182,88183,88184,88185,88186,88187
21,2100,'5459',88188,100408,100409,88191,88192,100410,100411,100412,88196,100413,88198,100414,88200,88201,88202,100415,88204,88205,88206,100416,100417,88209,88210,88211,88212,88213,88214
21,2100,'5460',100418,100419,100420,100421,88219,88220,88221,88222,100422,88224,88225,88226,88227,88228,88229,100423,88231,88232,88233,100424,88235,88236,88237,88238,100425
21,2100,'5461',88240,88241,88242,100426,88244,88245,88246,88247,100427,88249,88250,88251,88252,88253,100428,88255,88256,88257,88258,88259,88260,88261,100429,88263,100430
21,2100,'5462',88265,88266,88267,100431,88269,88270,88271,88272,100432,88274,88275,88276,88277,88278,100433,88280,88281,88282,88283,88284,88285,88286,100434,88288,100435
21,2100,'5463',88290,88291,88292,100436,88294,88295,88296,88297,100437,88299,88300,88301,88302,88303,100438,88305,88306,88307,88308,88309,88310,88311,100439,88313,100440
21,2101,'5456',88315,88316,88317,88318,88319,88320,88321,88322,88323,88324,88325,88326,88327,88328,100441,88330,88331,88332,88333,88334,88335,88336,88337,88338,88339,88340,88341,88342,88343,88344,100442,88346,88347,88348,88349,88350,88351,88352,88353,88354,88355,88356,88357,88358,88359,88360,88361,88362,88363,88364
21,2101,'5458',88365,88366,88367,88368,88369,88370,88371,88372,88373,88374,88375,88376,88377,88378,100443,88380,88381,88382,88383,88384,88385,88386,88387,88388,88389,88390,88391,88392,88393,88394,100444,88396,88397,88398,88399,88400,88401,88402,88403,88404,88405,88406,88407,88408,88409,88410,88411,88412,88413,88414
21,2101,'5459',88415,88416,100445,100446,88419,100447,88421,100448,100449,100450,100451,88426,88427,88428,88429,100452,88431,88432,88433,88434,88435,100453,100454,100455,88439,88440,88441,88442,88443,88444,88445,88446,88447,88448
21,2101,'5460',88449,88450,88451,88452,100456,100457,100458,88456,100459,88458,88459,88460,88461,100460,88463,100461,88465,100462,88467,100463,88469,88470,88471,100464,88473,88474,88475,88476,88477
21,2101,'5461',100465,88479,88480,100466,100467,88483,100468,88485,100469,88487,88488,88489,88490,88491,88492,88493,88494,100470,88496,100471,88498,88499,88500,100472,88502,88503,88504,88505,88506
21,2101,'5462',100473,88508,88509,100474,100475,88512,100476,88514,100477,88516,88517,88518,88519,88520,88521,88522,88523,100478,88525,100479,88527,88528,88529,100480,88531,88532,88533,88534,88535
21,2101,'5463',100481,88537,88538,100482,100483,88541,100484,88543,100485,88545,88546,88547,88548,88549,88550,88551,88552,100486,88554,100487,88556,88557,88558,100488,88560,88561,88562,88563,88564
22,2200,'5456',100489,100490,88567,100491,100492,100493,100494,100495,100496,88574,100497,88576,100498,100499,100500,100501,100502,100503,88583,100504,100505,100506,88587,88588,100507,88590,88591,88592,88593
22,2200,'5458',100508,100509,88596,100510,100511,100512,100513,100514,100515,88603,100516,88605,100517,100518,100519,100520,100521,88611,100522,88613,100523,100524,100525,88617,88618,100526,88620,88621,88622
22,2200,'5459',88623,88624,100527,88626,88627,88628,88629,88630,88631,88632,100528,100529,100530,100531,100532,100533,100534,100535,100536,100537,100538,100539,100540,100541,100542,100543,100544,100545,100546,100547
22,2200,'5460',100548,100549,100550,88656,100551,88658,100552,88660,100553,88662,88663,88664,88665,105816,88667,88668,88669,88670,100554,105817,88673,88674,88675,105818
22,2200,'5461',88677,88678,88679,88680,88681,88682,88683,88684,88685,88686,88687,88688,88689,88690,100555,88692,88693,88694,88695,88696,100556,88698,88699,105819
22,2200,'5462',88701,88702,88703,88704,88705,88706,88707,88708,88709,88710,88711,88712,88713,88714,100558,88716,88717,88718,88719,88720,100559,88722,88723,105820
22,2200,'5463',88725,88726,88727,88728,88729,88730,88731,88732,88733,88734,88735,88736,88737,88738,100561,88740,88741,88742,88743,88744,100562,88746,88747,105821
22,2201,'5456',100564,100565,100566,100567,100568,88754,88755,100569,100570,100571,100572,100573,100574,100575,88763,100576,100577,100578,88767,88768,100579,88770,88771,88772
22,2201,'5458',100580,100581,100582,100583,100584,88778,88779,100585,100586,100587,100588,100589,100590,100591,88787,100592,100593,100594,88791,88792,100595,88794,88795,88796
22,2201,'5459',88797,100596,88799,100597,88801,88802,88803,88804,100598,88806,88807,100599,100600,100601,100602,100603,100604,100605,100606,100607,100608,100609,100610,100611,100612,100613,100614,100615,100616
22,2201,'5460',100617,100618,100619,88829,100620,88831,88832,100621,100622,88835,88836,100623,105822,88839,88840,88841,88842,105823,88844,88845,88846,88847,105824,100624,105825
22,2201,'5461',88851,88852,88853,88854,88855,88856,88857,88858,88859,88860,88861,88862,88863,88864,88865,88866,100625,88868,88869,100626,88871,88872,105826,88874,105827
22,2201,'5462',88876,88877,88878,88879,88880,88881,88882,88883,88884,88885,88886,88887,88888,88889,88890,88891,100629,88893,88894,100630,88896,88897,105828,88899,105829
22,2201,'5463',88901,88902,88903,88904,88905,88906,88907,88908,88909,88910,88911,88912,88913,88914,88915,88916,100633,88918,88919,100634,88921,88922,105830,88924,105831
24,2400,'5456',88926,100637,100638,88929,100639,100640,100641,100642,100643,100644,100645,100646,100647,100648,100649,100650,100651,100652,100653
24,2400,'5458',88945,100654,100655,88948,100656,100657,100658,100659,100660,100661,100662,100663,100664,100665,100666,100667,100668,100669,100670
24,2400,'5459',100671,88965,100672,88967,100673,88969,88970,88971,88972,100674,88974,88975,100675,100676,100677
24,2400,'5460',88979,88980,100678,100679,100680,100681,100682,100683,100684,100685,100686,100687
24,2400,'5461',100688,100689,100690,100691,100692,100693,100694,100695,100696,100697,100698,100699
24,2400,'5462',100700,100701,100702,100703,100704,100705,100706,100707,100708,100709,100710,100711
24,2400,'5463',100712,100713,100714,100715,100716,100717,100718,100719,100720,100721,100722,100723
24,2401,'5456',100724,100725,100726,89030,100727,100728,100729,100730,100731,100732,100733,100734,100735,100736,100737,100738,100739,100740,100741,100742,100743
24,2401,'5458',100744,100745,100746,89051,100747,100748,100749,100750,100751,100752,100753,100754,100755,100756,100757,100758,100759,100760,100761,100762,100763
24,2401,'5459',89069,89070,89071,89072,89073,100764,100765,100766,100767,89078,100768,100769,89081,100770,89083,100771
24,2401,'5460',89085,89086,100772,100773,100774,100775,100776,100777,100778,100779,100780
24,2401,'5461',100781,100782,100783,100784,100785,100786,100787,100788,89104,89105,100789
24,2401,'5462',100790,100791,100792,100793,100794,100795,100796,100797,89115,89116,100798
24,2401,'5463',100799,100800,100801,100802,100803,100804,100805,100806,89126,89127,100807
25,2500,'5456',100808,100809,89131,100810,100811,100812,89135,100813,100814,100815,100816,89140,89141,100817,100818,100819,100820,100821,100822,100823
25,2500,'5458',100824,100825,89151,100826,100827,100828,89155,100829,100830,100831,100832,89160,89161,100833,100834,100835,100836,100837,100838,100839
25,2500,'5459',89169,89170,89171,89172,100840,89174,100841,89176,100842,100843,100844,100845,89181,100846,89183
25,2500,'5460',89184,89185,100847,100848,100849,100850,100851,100852,100853,100854,100855
25,2500,'5461',100856,100857,89197,100858,100859,100860,100861,100862,100863,89204,89205
25,2500,'5462',100864,100865,89208,100866,100867,100868,100869,100870,100871,89215,89216
25,2500,'5463',100872,100873,89219,100874,100875,100876,100877,100878,100879,89226,89227
25,2501,'5456',100880,100881,89230,100882,100883,89233,100884,100885,100886,100887,100888,89239,89240,100889,100890,100891,100892,100893,100894
25,2501,'5458',100895,100896,89249,100897,100898,89252,100899,100900,100901,100902,100903,89258,89259,100904,100905,100906,100907,100908,100909
25,2501,'5459',100910,100911,89268,100912,89270,89271,89272,89273,89274,100913,89276,100914,100915,100916,100917
25,2501,'5460',100918,100919,100920,100921,100922,100923,100924,100925,100926,100927,100928
25,2501,'5461',100929,100930,100931,100932,100933,100934,100935,100936,100937,100938,100939
25,2501,'5462',100940,100941,100942,100943,100944,100945,100946,100947,100948,100949,100950
25,2501,'5463',100951,100952,100953,100954,100955,100956,100957,100958,100959,100960,100961
26,2600,'5456',100962,89326,89327,89328,89329,89330,100963,89332,89333,89334,100964,89336,89337,89338,89339,100965,89341,89342,89343,89344,89345,89346,100966,100967,100968,100969,100970,89352,89353,89354,89355,89356,89357,100971,89359,89360,89361,100972,100973,100974,100975,100976,100977,89368,89369,100978,100979,100980,100981,100982,100983,89376,100984,100985,89379,89380,89381,89382,100986,100987,100988,89386,100989,89388,89389,89390,100990,100991,89393,89394,89395,89396,100992,89398,89399,89400,100993,89402,89403,100994,89405,89406
26,2600,'5458',100995,89408,89409,89410,89411,89412,100996,89414,89415,89416,100997,89418,89419,89420,89421,100998,89423,89424,89425,89426,89427,89428,100999,101000,101001,101002,101003,89434,89435,89436,89437,89438,89439,101004,89441,89442,89443,101005,101006,101007,101008,101009,101010,89450,89451,101011,101012,101013,101014,101015,101016,89458,101017,101018,89461,89462,89463,89464,101019,101020,101021,89468,101022,89470,89471,89472,101023,101024,89475,89476,89477,89478,101025,89480,89481,89482,101026,89484,89485,101027,89487,101028,89489
26,2600,'5459',89490,101029,89492,89493,101030,101031,89496,89497,89498,89499,101032,89501,101033,89503,89504,89505,89506,101034,89508,101035,101036,89511,89512,89513,101037,89515,89516,101038,101039,89519,89520,101040,89522,89523,89524,101041,89526,89527,101042,101043,89530,101044,89532,89533,101045,89535,101046,89537,89538,101047,89540,101048,89542,89543,101049,89545,89546,89547
26,2600,'5460',89548,89549,89550,89551,89552,89553,101050,101051,89556,89557,101052,89559,89560,89561,89562,89563,89564,89565,89566,89567,89568,89569,101053,101054,101055,101056,89574,89575,89576,89577,89578,89579,89580,89581,101057,89583,89584,101058,89586,89587,89588,89589,89590,89591,89592,101059,89594,89595,89596,101060
26,2600,'5461',89598,89599,101061,101062,89602,89603,89604,89605,89606,101063,89608,101064,89610,89611,89612,89613,101065,89615,89616,89617,101066,101067,89620,89621,89622,89623,101068,101069,89626,101070,89628,89629,89630,101071,89632,89633,89634,89635,101072,101073,89638,101074,101075,101076,101077,89643,101078,101079,101080,101081
26,2600,'5462',89648,89649,101082,101083,89652,89653,89654,89655,89656,101084,89658,101085,89660,89661,89662,89663,101086,89665,89666,89667,101087,101088,89670,89671,89672,89673,101089,101090,89676,101091,89678,89679,89680,101092,89682,89683,89684,89685,101093,101094,89688,101095,101096,101097,101098,89693,101099,101100,101101,101102
26,2600,'5463',89698,89699,101103,101104,89702,89703,89704,89705,89706,101105,89708,101106,89710,89711,89712,89713,101107,89715,89716,89717,101108,101109,89720,89721,89722,89723,101110,101111,89726,101112,89728,89729,89730,101113,89732,89733,89734,89735,101114,101115,89738,101116,101117,101118,101119,89743,101120,101121,101122,101123
26,2601,'5456',89748,89749,101124,89751,89752,101125,101126,89755,89756,101127,89758,89759,101128,101129,101130,89763,89764,89765,101131,101132,101133,89769,101134,89771,89772,89773,89774,89775,101135,89777,89778,89779,89780,101136,89782,89783,89784,89785,101137,89787,101138,101139,89790,101140,89792,89793,89794,89795,101141,101142,101143,89799,89800,101144,89802,101145,101146,89805,89806,89807,89808,101147,89810,89811,101148,89813,89814
26,2601,'5458',89815,89816,101149,89818,89819,101150,101151,89822,89823,101152,89825,89826,101153,101154,101155,89830,89831,89832,101156,101157,101158,89836,101159,89838,89839,89840,89841,89842,101160,89844,89845,89846,89847,101161,89849,89850,89851,89852,101162,89854,101163,101164,89857,101165,89859,89860,89861,89862,101166,101167,101168,89866,89867,101169,89869,101170,101171,89872,89873,89874,89875,101172,89877,89878,101173,89880,89881,101174
26,2601,'5459',101175,89884,89885,101176,89887,89888,89889,89890,101177,89892,101178,89894,89895,89896,89897,89898,101179,89900,101180,89902,89903,89904,101181,89906,89907,101182,101183,89910,89911,101184,89913,89914,89915,101185,89917,89918,101186,101187,89921,101188,89923,89924,101189,89926,101190,89928,89929,101191,89931,101192,89933,89934,101193,89936,101194,89938,89939,101195,89941
26,2601,'5460',89942,89943,89944,89945,89946,89947,89948,89949,89950,101196,101197,89953,89954,101198,89956,89957,89958,89959,89960,89961,89962,89963,89964,101199,101200,101201,101202,101203,89970,89971,89972,89973,89974,89975,89976,89977,89978,89979,101204,89981,89982,89983,89984,89985,101205,89987,89988,89989,89990,101206,89992
26,2601,'5461',89993,89994,89995,101207,101208,89998,89999,90000,101209,90002,90003,101210,101211,90006,90007,101212,90009,90010,90011,90012,90013,90014,101213,90016,90017,90018,90019,90020,101214,90022,101215,101216,101217,101218,90027,90028,90029,101219,90031,101220,101221,101222,101223,90036,90037,101224,90039,101225,101226,101227,101228
26,2601,'5462',90044,90045,90046,101229,101230,90049,90050,90051,101231,90053,90054,101232,101233,90057,90058,101234,90060,90061,90062,90063,90064,90065,101235,90067,90068,90069,90070,90071,101236,90073,101237,101238,101239,101240,90078,90079,90080,101241,90082,101242,101243,101244,101245,90087,90088,101246,90090,101247,101248,101249,101250
26,2601,'5463',90095,90096,90097,101251,101252,90100,90101,90102,101253,90104,90105,101254,101255,90108,90109,101256,90111,90112,90113,90114,90115,90116,101257,90118,90119,90120,90121,90122,101258,90124,101259,101260,101261,101262,90129,90130,90131,101263,90133,101264,101265,101266,101267,90138,90139,101268,90141,101269,101270,101271,101272
27,2700,'5456',90146,90147,90148,90149,90150,90151,90152,90153,90154,90155,90156,90157,90158,90159,90160,90161,90162,90163,90164,90165,90166,90167,90168,90169,90170,90171,90172,90173,90174,90175,90176,90177,90178,90179,90180,90181,90182,90183,90184,90185,90186,90187,90188,90189,90190,90191,90192,90193,90194,90195,90196
27,2700,'5458',90197,90198,90199,90200,90201,90202,90203,90204,90205,90206,90207,90208,90209,101273,90211,90212,90213,90214,90215,90216,101274,90218,90219,90220,90221,90222,90223,101275,101276,90226,101277,90228,101278,90230,90231,101279,90233,90234,101280,101281,101282,101283,101284,101285,101286,101287,90243,90244,90245,90246,90247,90248,90249,90250,90251
27,2700,'5459',101288,101289,101290,101291,101292,101293,101294,101295,101296,90261,101297,101298,101299,90265,101300,101301,101302,90269,101303,101304,90272,101305,90274,101306,90276,101307,90278,101308,101309,90281,101310,90283,101311,90285,101312,101313,101314,101315,101316,101317,101318,101319,101320,101321,101322,101323,101324,101325,101326,101327
27,2700,'5460',90302,101328,90304,101329,90306,90307,90308,90309,90310,90311,101330,90313,90314,90315,101331,90317,90318,90319,101332,90321,90322,90323,101333,90325,90326,90327,101334,90329,90330,101335,101336,90333,101337,101338,90336,101339,90338,101340,101341
27,2700,'5461',101342,90342,90343,90344,90345,101343,90347,101344,101345,90350,101346,90352,90353,90354,101347,90356,90357,90358,101348,90360,90361,90362,101349,90364,90365,90366,101350,90368,90369,90370,101351,90372,90373,101352,90375,101353,90377,101354,101355
27,2700,'5462',101356,90381,90382,90383,90384,101357,90386,101358,101359,90389,101360,90391,90392,90393,101361,90395,90396,90397,101362,90399,90400,90401,101363,90403,90404,90405,101364,90407,90408,90409,101365,90411,90412,101366,90414,101367,90416,101368,101369
27,2700,'5463',101370,90420,90421,90422,90423,101371,90425,101372,101373,90428,101374,90430,90431,90432,101375,90434,90435,90436,101376,90438,90439,90440,101377,90442,90443,90444,101378,90446,90447,90448,101379,90450,90451,101380,90453,101381,90455,101382,101383
27,2701,'5456',90458,90459,90460,90461,90462,90463,90464,90465,90466,90467,90468,90469,90470,90471,90472,90473,90474,90475,90476,90477,90478,90479,90480,90481,90482,90483,90484,90485,90486,90487,90488,90489,90490,90491,90492,90493,90494,90495,90496,90497,90498,90499,90500,90501,90502,90503,90504,90505,90506,90507,90508,90509,90510,90511,90512,90513,90514
27,2701,'5458',90515,90516,90517,90518,90519,90520,90521,90522,90523,90524,90525,90526,90527,90528,90529,90530,90531,90532,90533,90534,101384,90536,90537,90538,101385,90540,90541,90542,90543,90544,101386,101387,90547,101388,90549,101389,90551,90552,101390,90554,90555,101391,101392,101393,101394,101395,101396,101397,101398,90564,90565,90566,90567,101399,90569,90570,101400,90572,90573,90574,90575
27,2701,'5459',101401,101402,101403,101404,101405,101406,101407,101408,101409,90585,101410,101411,101412,90589,101413,101414,101415,90593,101416,101417,90596,101418,90598,101419,90600,101420,90602,101421,101422,90605,101423,90607,101424,90609,101425,101426,101427,101428,101429,101430,101431,101432,101433,101434,101435,101436,101437,101438,101439,101440
27,2701,'5460',90626,101441,90628,101442,90630,90631,90632,90633,90634,90635,101443,90637,90638,90639,101444,90641,90642,90643,101445,90645,90646,90647,101446,90649,90650,90651,101447,90653,90654,101448,101449,90657,101450,101451,90660,101452,90662,101453,101454
27,2701,'5461',101455,90666,90667,90668,90669,101456,90671,101457,101458,90674,101459,90676,90677,90678,101460,90680,90681,90682,101461,90684,90685,90686,101462,90688,90689,90690,101463,90692,90693,90694,101464,90696,90697,101465,90699,101466,90701,101467,101468
27,2701,'5462',101469,90705,90706,90707,90708,101470,90710,101471,101472,90713,101473,90715,90716,90717,101474,90719,90720,90721,101475,90723,90724,90725,101476,90727,90728,90729,101477,90731,90732,90733,101478,90735,90736,101479,90738,101480,90740,101481,101482
27,2701,'5463',101483,90744,90745,90746,90747,101484,90749,101485,101486,90752,101487,90754,90755,90756,101488,90758,90759,90760,101489,90762,90763,90764,101490,90766,90767,90768,101491,90770,90771,90772,101492,90774,90775,101493,90777,101494,90779,101495,101496
28,2800,'5456',90782,90783,101497,90785,90786,90787,90788,90789,90790,90791,90792,90793,90794,90795,90796,90797,90798,90799,90800,90801,90802,90803,90804,90805,90806,90807,90808,90809,90810,90811,90812,90813,90814,90815,90816,90817,90818,90819,90820,90821,90822,90823,90824,90825,90826,101498,90828,90829
28,2800,'5458',90830,90831,101499,90833,90834,90835,90836,90837,90838,90839,90840,90841,90842,90843,90844,90845,90846,90847,90848,90849,90850,90851,90852,90853,90854,90855,90856,90857,90858,90859,90860,90861,90862,90863,90864,101500,101501,90867,101502,101503,90870,101504,90872,101505,90874,101506,90876,101507,101508,90879,90880
28,2800,'5459',101509,101510,101511,101512,101513,101514,101515,101516,101517,101518,101519,90892,101520,90894,101521,90896,101522,90898,101523,90900,101524,90902,101525,101526,90905,101527,90907,101528,90909,101529,90911,101530,101531,90914,90915,101532,90917,90918,101533,101534,101535,101536,101537,101538,101539,101540,101541,101542,101543
28,2800,'5460',90930,90931,90932,90933,90934,101544,90936,101545,101546,90939,90940,90941,90942,90943,90944,90945,90946,90947,90948,90949,90950,90951,90952,101547,90954,90955,90956,101548,90958,101549,101550,101551,101552,101553,101554,101555,101556,101557,101558,101559
28,2800,'5461',90970,90971,101560,101561,90974,90975,90976,101562,90978,90979,90980,90981,90982,90983,90984,90985,90986,90987,90988,90989,90990,90991,90992,90993,90994,90995,90996,101563,90998,101564,101565,91001,101566,101567,91004,101568,101569,101570,101571,101572
28,2800,'5462',91010,91011,101573,101574,91014,91015,91016,101575,91018,91019,91020,91021,91022,91023,91024,91025,91026,91027,91028,91029,91030,91031,91032,91033,91034,91035,91036,101576,91038,101577,101578,91041,101579,101580,91044,101581,101582,101583,101584,101585
28,2800,'5463',91050,91051,101586,101587,91054,91055,91056,101588,91058,91059,91060,91061,91062,91063,91064,91065,91066,91067,91068,91069,91070,91071,91072,91073,91074,91075,91076,101589,91078,101590,101591,91081,101592,101593,91084,101594,101595,101596,101597,101598
28,2801,'5456',101599,91091,91092,101600,91094,91095,91096,91097,91098,91099,91100,91101,91102,91103,91104,91105,91106,91107,91108,91109,91110,91111,91112,91113,91114,91115,91116,91117,91118,91119,91120,91121,91122,91123,91124,91125,91126,91127,91128,91129,91130,91131,91132,91133,91134,91135,91136,91137
28,2801,'5458',101601,91139,91140,101602,91142,91143,91144,91145,91146,91147,91148,91149,91150,91151,91152,91153,91154,91155,91156,91157,91158,91159,91160,91161,91162,91163,91164,91165,91166,91167,91168,91169,91170,91171,101603,101604,91174,101605,101606,91177,101607,91179,101608,91181,101609,91183,101610,91185,91186,91187,91188
28,2801,'5459',101611,101612,101613,101614,101615,101616,101617,101618,101619,101620,101621,91200,101622,91202,101623,91204,101624,91206,101625,91208,101626,91210,101627,101628,91213,101629,91215,101630,91217,101631,91219,101632,101633,91222,91223,101634,91225,91226,101635,101636,101637,101638,101639,101640,101641,101642,101643,101644,101645
28,2801,'5460',91238,91239,91240,91241,91242,101646,91244,101647,101648,91247,91248,91249,91250,91251,91252,91253,91254,91255,91256,91257,91258,91259,91260,101649,91262,91263,91264,101650,91266,101651,101652,101653,101654,101655,101656,101657,101658,101659,101660
28,2801,'5461',91277,91278,101661,101662,91281,91282,91283,101663,91285,91286,91287,91288,91289,91290,91291,91292,91293,91294,91295,91296,91297,91298,91299,91300,91301,91302,91303,101664,91305,101665,101666,91308,101667,101668,91311,101669,101670,101671,101672
28,2801,'5462',91316,91317,101673,101674,91320,91321,91322,101675,91324,91325,91326,91327,91328,91329,91330,91331,91332,91333,91334,91335,91336,91337,91338,91339,91340,91341,91342,101676,91344,101677,101678,91347,101679,101680,91350,101681,101682,101683,101684
28,2801,'5463',91355,91356,101685,101686,91359,91360,91361,101687,91363,91364,91365,91366,91367,91368,91369,91370,91371,91372,91373,91374,91375,91376,91377,91378,91379,91380,91381,101688,91383,101689,101690,91386,101691,101692,91389,101693,101694,101695,101696
30,3000,'5456',101697,101698,101699,91397,101700,101701,91400,101702,91402,91403,101703,91405,91406,101704,91408,91409,91410,101705,101706,101707,101708,101709,101710,101711,101712,101713,101714,101715,101716,91423,91424,101717,101718
30,3000,'5458',101719,101720,101721,91430,101722,101723,91433,101724,91435,91436,101725,91438,91439,101726,91441,91442,91443,101727,101728,101729,101730,101731,101732,101733,101734,101735,101736,101737,101738,91456,91457,101739,101740
30,3000,'5459',101741,101742,91462,101743,101744,91465,101745,101746,101747,101748,101749,101750,101751,101752,101753,101754,101755,101756,101757,91479,101758,101759,91482,91483,91484,91485,101760,101761,101762,101763
30,3000,'5460',101764,101765,101766,101767,101768,101769,101770,91497,101771,101772,91500,101773,101774,101775,101776,101777,101778,101779,101780,101781,91510,91511,101782,101783,101784,101785
30,3000,'5461',101786,101787,101788,101789,101790,101791,101792,91523,101793,101794,91526,101795,101796,101797,101798,101799,101800,101801,91534,101802,91536,91537,91538,101803,101804,101805
30,3000,'5462',101806,101807,101808,101809,101810,101811,101812,91549,101813,101814,91552,101815,101816,101817,101818,101819,101820,101821,91560,101822,91562,91563,91564,101823,101824,101825
30,3000,'5463',101826,101827,101828,101829,101830,101831,101832,91575,101833,101834,91578,101835,101836,101837,101838,101839,101840,101841,91586,101842,91588,91589,91590,101843,101844,101845
30,3001,'5456',101846,101847,101848,101849,101850,101851,101852,101853,101854,101855,101856,101857,101858,101859,101860,101861,101862,91611,91612,101863,101864,101865,101866,101867,101868,91619,101869,91621,101870,101871,91624,101872
30,3001,'5458',101873,101874,101875,101876,101877,101878,101879,101880,101881,101882,101883,101884,101885,101886,101887,101888,101889,91643,91644,101890,101891,101892,101893,101894,101895,91651,101896,91653,101897,101898,91656,101899
30,3001,'5459',101900,101901,101902,91661,101903,101904,101905,101906,101907,101908,101909,101910,101911,101912,101913,101914,101915,101916,101917,101918,101919,91679,101920,101921,101922,101923,91684,101924,91686,91687
30,3001,'5460',101925,101926,101927,101928,101929,101930,101931,101932,91696,91697,101933,101934,91700,101935,101936,91703,101937,101938,101939,101940,101941,101942,101943,101944,101945,91713,101946
30,3001,'5461',101947,101948,101949,101950,101951,101952,101953,101954,101955,101956,101957,101958,101959,101960,101961,101962,101963,91732,101964,101965,101966,101967,101968,91738,101969,101970,91741
30,3001,'5462',101971,101972,101973,101974,101975,101976,101977,101978,101979,101980,101981,101982,101983,101984,101985,101986,101987,91759,101988,101989,101990,101991,101992,91765,101993,101994,91768
30,3001,'5463',101995,101996,101997,101998,101999,102000,102001,102002,102003,102004,102005,102006,102007,102008,102009,102010,102011,91786,102012,102013,102014,102015,102016,91792,102017,102018,91795
31,3100,'5456',91796,102019,102020,102021,102022,102023,102024,102025,102026,102027,102028,102029,102030,102031,102032,102033,91812,102034,91814,102035,102036,102037,102038,102039,102040,102041,91822,102042,91824,102043,102044,91827,102045
31,3100,'5458',91829,102046,102047,102048,102049,102050,102051,102052,102053,102054,102055,102056,102057,102058,102059,102060,91845,102061,91847,102062,102063,102064,102065,102066,102067,102068,91855,102069,91857,102070,102071,91860,102072
31,3100,'5459',102073,102074,91864,102075,102076,102077,102078,102079,102080,102081,102082,102083,102084,102085,102086,102087,102088,102089,102090,102091,102092,91883,102093,102094,102095,102096,91888,102097,91890,91891
31,3100,'5460',102098,102099,102100,102101,102102,102103,102104,91899,102105,102106,91902,102107,102108,91905,102109,102110,102111,102112,91910,102113,102114,102115,102116,102117,102118,102119,91918
31,3100,'5461',102120,102121,102122,102123,102124,102125,102126,102127,102128,102129,102130,102131,102132,102133,102134,102135,102136,102137,91937,102138,102139,102140,102141,102142,91943,102143,102144
31,3100,'5462',102145,102146,102147,102148,102149,102150,102151,102152,102153,102154,102155,102156,102157,102158,102159,102160,102161,102162,91964,102163,102164,102165,102166,102167,91970,102168,102169
31,3100,'5463',102170,102171,102172,102173,102174,102175,102176,102177,102178,102179,102180,102181,102182,102183,102184,102185,102186,102187,91991,102188,102189,102190,102191,102192,91997,102193,102194
31,3101,'5456',92000,102195,92002,102196,102197,92005,102198,102199,92008,102200,92010,92011,102201,92013,92014,92015,92016,102202,102203,92019,102204,102205,102206,102207,102208,102209,102210,102211,92028,92029,102212,102213,102214
31,3101,'5458',92033,102215,92035,102216,102217,92038,102218,102219,92041,102220,92043,92044,102221,92046,92047,92048,92049,102222,102223,92052,102224,102225,102226,102227,102228,102229,102230,102231,92061,92062,102232,102233,102234
31,3101,'5459',102235,92067,102236,102237,92070,102238,102239,102240,102241,102242,102243,102244,102245,102246,102247,102248,102249,102250,92084,102251,102252,92087,92088,92089,92090,102253,102254,102255,102256,102257
31,3101,'5460',102258,102259,102260,102261,102262,102263,102264,92103,102265,102266,92106,102267,102268,102269,102270,102271,102272,92113,102273,102274,92116,92117,102275,102276,102277,102278,102279
31,3101,'5461',102280,102281,102282,102283,102284,102285,102286,92130,102287,102288,92133,102289,102290,102291,102292,102293,102294,102295,102296,102297,92143,92144,92145,102298,102299,102300,102301
31,3101,'5462',102302,102303,102304,102305,102306,102307,102308,92157,102309,102310,92160,102311,102312,102313,102314,102315,102316,102317,102318,102319,92170,92171,92172,102320,102321,102322,102323
31,3101,'5463',102324,102325,102326,102327,102328,102329,102330,92184,102331,102332,92187,102333,102334,102335,102336,102337,102338,102339,102340,102341,92197,92198,92199,102342,102343,102344,102345
32,3200,'5456',102346,102347,102348,102349,92208,102350,92210,102351,102352,102353,92214,92215,92216,102354,92218,92219,105832
32,3200,'5458',102355,102356,102357,102358,92225,102359,92227,102360,102361,102362,92231,92232,92233,102363,92235,92236,105833
32,3200,'5459',102364,92239,92240,92241,92242,92243,102365,102366,92246,92247,102367,92249,102368,92251,92252
32,3200,'5460',102369,102370,92255,92256,92257,92258,102371,92260,92261,92262,102372,102373
32,3200,'5461',92265,92266,92267,92268,102374,92270,92271,102375,92273,92274,102376,102377
32,3200,'5462',92277,92278,92279,92280,102378,92282,92283,102379,92285,92286,102380,102381
32,3200,'5463',92289,92290,92291,92292,102382,92294,92295,102383,92297,92298,102384,102385
32,3201,'5456',102386,102387,102388,102389,92305,102390,102391,92308,102392,102393,102394,92312,92313,102395,92315,92316,92317,105834
32,3201,'5458',102396,102397,102398,102399,92323,102400,102401,92326,102402,102403,102404,92330,92331,102405,92333,92334,92335,105835
32,3201,'5459',92337,102406,92339,92340,92341,92342,102407,102408,92345,102409,92347,92348,102410,92350,92351
32,3201,'5460',102411,102412,92354,92355,92356,92357,92358,102413,92360,92361,102414,102415
32,3201,'5461',92364,92365,92366,92367,92368,102416,92370,92371,102417,92373,102418,102419
32,3201,'5462',92376,92377,92378,92379,92380,102420,92382,92383,102421,92385,102422,102423
32,3201,'5463',92388,92389,92390,92391,92392,102424,92394,92395,102425,92397,102426,102427
35,3500,'5456',102428,102429,102430,102431,92404,102432,92406,92407,102433,102434,102435,92411,92412,92413,92414
35,3500,'5458',102436,102437,102438,102439,92419,102440,92421,92422,102441,102442,102443,92426,92427,92428,92429
38,3800,'5456',102444,92431,92432,92433,92434,92435,102445,92437,92438,102446,92440,102447,92442,92443,92444,92445,92446,92447,92448,92449,92450,92451,92452,92453,92454,92455
38,3800,'5458',102448,92457,92458,92459,92460,92461,102449,92463,92464,102450,92466,102451,92468,92469,92470,92471,92472,92473,92474,92475,92476,92477,92478,92479,92480,92481
38,3801,'5456',92482,92483,92484,92485,92486,102452,92488,102453,92490,92491,92492,92493,92494,92495,92496,92497,92498,92499,92500,92501,92502,92503,92504,92505
38,3801,'5458',92506,92507,92508,92509,92510,102454,92512,102455,92514,92515,92516,92517,92518,92519,92520,92521,92522,92523,92524,92525,92526,92527,92528,92529
39,3900,'5456',102456,92531,92532,102457,92534,92535,92536,92537,102458,102459,92540,102460,92542,92543,92544,92545,92546,102461,102462,92549,92550,92551,92552,92553,102463,92555,102464,92557,92558,92559,92560,92561,92562,92563,92564,92565,92566,92567,102465,92569,92570,92571,92572
39,3900,'5458',102466,92574,92575,102467,92577,92578,92579,92580,102468,102469,92583,102470,92585,92586,92587,92588,92589,102471,102472,92592,92593,92594,92595,92596,102473,92598,102474,92600,92601,92602,92603,92604,92605,92606,92607,92608,102475,102476,102477,92612,92613,92614,92615
39,3900,'5459',92616,92617,92618,92619,92620,102478,102479,92623,92624,102480,92626,102481,92628
39,3900,'5460',102482,102483,92631,92632,92633,92634,92635,102484,92637,92638,102485,102486
39,3900,'5461',92641,92642,92643,92644,102487,92646,92647,92648,92649,102488,102489,102490
39,3900,'5462',92653,92654,92655,92656,102491,92658,92659,92660,92661,102492,102493,102494
39,3900,'5463',92665,92666,92667,92668,102495,92670,92671,92672,92673,102496,102497,102498
39,3901,'5456',102499,92678,92679,92680,92681,102500,92683,92684,92685,102501,92687,102502,92689,102503,92691,92692,92693,92694,92695,102504,92697,102505,92699,92700,92701,92702,102506,102507,102508,92706,92707,92708,92709,92710,92711,92712,92713,92714,102509,92716,92717
39,3901,'5458',102510,92719,92720,92721,92722,102511,92724,92725,92726,102512,92728,102513,92730,102514,92732,92733,92734,92735,92736,102515,92738,102516,92740,92741,92742,92743,102517,102518,102519,92747,92748,92749,92750,92751,92752,92753,102520,102521,102522,92757,92758
39,3901,'5459',92759,92760,92761,92762,102523,102524,92765,92766,102525,92768,92769,92770,92771
39,3901,'5460',92772,102526,102527,92775,92776,92777,92778,102528,92780,92781,102529,102530,92784
39,3901,'5461',92785,92786,92787,102531,92789,92790,102532,92792,92793,92794,102533,102534,92797
39,3901,'5462',92798,92799,92800,102535,92802,92803,102536,92805,92806,92807,102537,102538,92810
39,3901,'5463',92811,92812,92813,102539,92815,92816,102540,92818,92819,92820,102541,102542,92823
40,4000,'5456',102543,102544,102545,92827,92828,92829,102546,92831,102547,102548,102549,102550,102551,102552,102553,102554,92840,102555,92842
40,4000,'5458',102556,102557,102558,92846,92847,92848,102559,92850,102560,102561,102562,102563,102564,102565,102566,102567,92859,102568,92861
40,4000,'5459',92862,102569,102570,92865,102571,92867,102572,92869,92870,92871,92872,92873,92874,102573
40,4000,'5460',92876,92877,92878,92879,92880,92881,102574,102575,102576,102577,92886,92887
40,4000,'5461',92888,102578,102579,92891,92892,92893,102580,102581,102582,102583,92898,92899
40,4000,'5462',92900,102584,102585,92903,92904,92905,102586,102587,102588,102589,92910,92911
40,4000,'5463',92912,102590,102591,92915,92916,92917,102592,102593,102594,102595,92922,92923
40,4001,'5456',102596,102597,92926,92927,102598,92929,102599,92931,102600,92933,102601,92935,102602,102603,102604,92939,92940,102605,102606
40,4001,'5458',102607,102608,92945,92946,102609,92948,102610,92950,102611,92952,102612,92954,102613,102614,102615,92958,92959,102616,102617
40,4001,'5459',92962,102618,92964,102619,102620,92967,102621,92969,92970,92971,92972,102622,92974,102623,102624
40,4001,'5460',92977,92978,92979,92980,92981,92982,102625,102626,102627,102628,92987,92988,92989
40,4001,'5461',92990,102629,102630,92993,92994,92995,102631,102632,102633,102634,93000,93001,102635
40,4001,'5462',93003,102636,102637,93006,93007,93008,102638,102639,102640,102641,93013,93014,102642
40,4001,'5463',93016,102643,102644,93019,93020,93021,102645,102646,102647,102648,93026,93027,102649
43,4300,'5456',102650,102651,93031
43,4300,'5458',102652,102653,93034
46,4600,'5456',93035,102654,93037,93038,93039,93040,93041,102655,93043,102656,102657,93046,93047,93048
46,4600,'5458',93049,102658,93051,93052,93053,93054,93055,102659,93057,102660,102661,93060,93061,93062
46,4601,'5456',93063,93064,93065,93066,93067,102662,102663,102664,93071,93072,93073,102665
46,4601,'5458',93075,93076,93077,93078,93079,102666,102667,102668,93083,93084,93085,102669
47,4700,'5456',93087,102670,93089
47,4700,'5458',93090,102671,93092
47,4701,'5456',93093,93094,93095
47,4701,'5458',93096,93097,93098
48,4800,'5456',102672,102673,102674
48,4800,'5458',102675,102676,102677
48,4801,'5456',93105,93106,93107
48,4801,'5458',93108,93109,93110
49,4900,'5456',102678,93112,93113,93114,102679,102680,102681,93118,93119,93120,93121
49,4900,'5458',102682,93123,93124,93125,102683,102684,102685,93129,93130,93131,93132
49,4900,'5459',93133,93134,93135,93136,93137,93138,93139
49,4900,'5460',93140,93141,93142,93143,93144,93145,93146
49,4900,'5461',93147,93148,93149,93150,93151,93152,93153
49,4900,'5462',93154,93155,93156,93157,93158,93159,93160
49,4900,'5463',93161,93162,93163,93164,93165,93166,93167
49,4901,'5456',102686,93169,93170,93171,93172,102687,102688,93175,93176,93177,93178
49,4901,'5458',102689,93180,93181,93182,93183,102690,102691,93186,93187,93188,93189
49,4901,'5459',93190,93191,93192,93193,93194,93195,93196
49,4901,'5460',93197,93198,93199,93200,93201,93202
49,4901,'5461',93203,93204,93205,93206,93207,93208
49,4901,'5462',93209,93210,93211,93212,93213,93214
49,4901,'5463',93215,93216,93217,93218,93219,93220
52,5200,'5456',102692,102693,102694,102695,102696,102697,102698,102699,102700,102701,102702,102703,102704,102705,102706,102707,102708,102709,102710,102711,102712,102713,102714,102715,102716,102717,102718,102719,102720,102721,102722,93252,93253,102723,102724,102725,102726,102727,93259
52,5200,'5458',102728,102729,102730,102731,102732,102733,102734,102735,102736,102737,102738,102739,102740,102741,102742,102743,102744,102745,102746,102747,102748,102749,102750,102751,102752,102753,102754,102755,102756,102757,102758,93291,93292,102759,102760,102761,102762,102763,93298
52,5200,'5459',102764,102765,102766,102767,102768,102769,102770,102771,102772,102773,102774,102775,102776,102777,102778,102779,102780,102781,102782,102783,102784,102785,102786,102787,102788,102789,102790,102791,102792,102793,102794,102795
52,5200,'5460',102796,102797,102798,102799,102800,102801,102802,102803,102804,102805,102806,102807,102808,102809,102810,102811,102812,102813,102814,102815,102816,102817,102818,102819,102820,102821,102822,102823
52,5200,'5461',105836,105837,105838,102827,102828,102829,102830,102831,102832,102833,102834,102835,102836,102837,102838,105839,102840,102841,102842,102843,102844,102845,102846,102847,102848,102849,102850,105840
52,5200,'5462',105841,105842,105843,102855,102856,102857,102858,102859,102860,102861,102862,102863,102864,102865,102866,105844,102868,102869,102870,102871,102872,102873,102874,102875,102876,102877,102878,105845
52,5200,'5463',105846,105847,105848,102883,102884,102885,102886,102887,102888,102889,102890,102891,102892,102893,102894,105849,102896,102897,102898,102899,102900,102901,102902,102903,102904,102905,102906,105850
52,5201,'5456',102908,102909,102910,102911,102912,102913,102914,102915,102916,102917,102918,102919,102920,102921,102922,102923,102924,102925,102926,102927,102928,102929,102930,102931,102932,102933,102934,102935,102936,102937,102938,102939,102940,102941,102942,102943,102944,93480,93481,102945
52,5201,'5458',102946,102947,102948,102949,102950,102951,102952,102953,102954,102955,102956,102957,102958,102959,102960,102961,102962,102963,102964,102965,102966,102967,102968,102969,102970,102971,102972,102973,102974,102975,102976,102977,102978,102979,102980,102981,102982,93520,93521,102983
52,5201,'5459',102984,102985,102986,102987,102988,102989,102990,102991,102992,102993,102994,102995,102996,102997,102998,102999,103000,103001,103002,103003,103004,103005,103006,103007,103008,103009,103010,103011,103012,103013,103014,103015,103016
52,5201,'5460',103017,103018,103019,103020,103021,103022,103023,103024,103025,103026,103027,103028,103029,103030,103031,103032,103033,103034,103035,103036,103037,103038,103039,103040,103041,103042,103043
52,5201,'5461',105851,105852,105853,103047,103048,103049,103050,103051,103052,103053,103054,103055,103056,103057,105854,103059,103060,103061,103062,103063,103064,103065,103066,103067,103068,93608,105855
52,5201,'5462',105856,105857,105858,103073,103074,103075,103076,103077,103078,103079,103080,103081,103082,103083,105859,103085,103086,103087,103088,103089,103090,103091,103092,103093,103094,93635,105860
52,5201,'5463',105861,105862,105863,103099,103100,103101,103102,103103,103104,103105,103106,103107,103108,103109,105864,103111,103112,103113,103114,103115,103116,103117,103118,103119,103120,93662,105865
53,5300,'5456',93664,93665,93666,103122,103123,103124,93670,93671,103125,103126,103127
53,5300,'5458',93675,93676,93677,103128,103129,103130,93681,93682,103131,103132,103133
53,5300,'5459',93686,93687,93688,93689,93690,93691,93692
53,5300,'5460',93693,93694,93695,93696,93697,93698,93699
53,5300,'5461',93700,93701,93702,103134,93704,93705,93706
53,5300,'5462',93707,93708,93709,103135,93711,93712,93713
53,5300,'5463',93714,93715,93716,103136,93718,93719,93720
53,5301,'5456',93721,93722,103137,103138,103139,93726,93727,103140,103141,103142
53,5301,'5458',93731,93732,103143,103144,103145,93736,93737,103146,103147,103148
53,5301,'5459',93741,93742,93743,93744,93745,93746,93747
53,5301,'5460',93748,93749,93750,93751,93752,93753,93754
53,5301,'5461',93755,93756,93757,103149,93759,93760,93761
53,5301,'5462',93762,93763,93764,103150,93766,93767,93768
53,5301,'5463',93769,93770,93771,103151,93773,93774,93775
54,5400,'5456',93776,93777,103152,103153,103154,103155,93782,103156,103157,93785
54,5400,'5458',93786,93787,103158,103159,103160,103161,93792,103162,103163,93795
54,5400,'5459',93796,93797,93798,93799,93800,93801,93802
54,5400,'5460',103164,93804,103165,93806,93807,93808,93809
54,5400,'5461',93810,93811,103166,93813,93814,93815,93816
54,5400,'5462',93817,93818,103167,93820,93821,93822,93823
54,5400,'5463',93824,93825,103168,93827,93828,93829,93830
54,5401,'5456',103169,103170,93833,93834,93835,103171,103172,93838,93839,93840
54,5401,'5458',103173,103174,93843,93844,93845,103175,103176,93848,93849,93850
54,5401,'5459',93851,93852,93853,93854,93855,93856,93857
54,5401,'5460',103177,93859,93860,93861,93862,93863,93864
54,5401,'5461',103178,93866,93867,93868,103179,93870,93871
54,5401,'5462',103180,93873,93874,93875,103181,93877,93878
54,5401,'5463',103182,93880,93881,93882,103183,93884,93885
55,5500,'5456',103184,103185,93888,93889,93890,103186,103187,93893,93894,93895
55,5500,'5458',103188,103189,93898,93899,93900,103190,103191,93903,93904,93905
55,5500,'5459',93906,93907,93908,93909,93910,93911,93912
55,5500,'5460',93913,93914,103192,93916,93917,93918,93919
55,5500,'5461',93920,93921,103193,93923,93924,103194,93926
55,5500,'5462',93927,93928,103195,93930,93931,103196,93933
55,5500,'5463',93934,93935,103197,93937,93938,103198,93940
55,5501,'5456',93941,103199,103200,103201,103202,93946,103203,103204,93949
55,5501,'5458',93950,103205,103206,103207,103208,93955,103209,103210,93958
55,5501,'5459',93959,93960,93961,93962,93963,93964
55,5501,'5460',103211,93966,93967,93968,93969,93970
55,5501,'5461',103212,93972,93973,93974,93975,93976
55,5501,'5462',103213,93978,93979,93980,93981,93982
55,5501,'5463',103214,93984,93985,93986,93987,93988
57,5700,'5456',93989,93990,93991,103215,93993,93994,103216,93996,103217,103218,103219,94000,94001,94002,94003,94004,94005,94006,94007,103220,94009
57,5700,'5458',94010,94011,94012,103221,94014,94015,103222,94017,103223,103224,103225,94021,94022,94023,94024,94025,94026,94027,94028,103226,94030
57,5700,'5459',94031,94032,94033,94034,94035,94036,94037,94038,94039,94040,94041,94042,94043,94044,94045
57,5700,'5460',94046,94047,94048,94049,94050,94051,94052,94053,94054,94055,94056,94057,94058,94059,94060
57,5700,'5461',94061,94062,94063,94064,94065,94066,94067,94068,94069,94070,94071,94072,94073,94074,94075
57,5700,'5462',94076,94077,94078,94079,94080,94081,94082,94083,94084,94085,94086,94087,94088,94089,94090
57,5700,'5463',94091,94092,94093,94094,94095,94096,94097,94098,94099,94100,94101,94102,94103,94104,94105
57,5701,'5456',94106,103227,94108,94109,94110,94111,103228,94113,103229,103230,103231,94117,94118,94119,94120,94121,94122,94123,94124,94125,103232,94127
57,5701,'5458',94128,103233,94130,94131,94132,94133,103234,94135,103235,103236,103237,94139,94140,94141,94142,94143,94144,94145,94146,94147,103238,94149
57,5701,'5459',94150,94151,94152,94153,94154,94155,94156,94157,94158,94159,94160,94161,94162,94163,94164,94165
57,5701,'5460',94166,94167,94168,94169,94170,94171,94172,94173,94174,94175,94176,94177,94178,94179,94180
57,5701,'5461',94181,94182,94183,94184,94185,94186,94187,94188,94189,94190,94191,94192,94193,94194,94195
57,5701,'5462',94196,94197,94198,94199,94200,94201,94202,94203,94204,94205,94206,94207,94208,94209,94210
57,5701,'5463',94211,94212,94213,94214,94215,94216,94217,94218,94219,94220,94221,94222,94223,94224,94225
58,5800,'5456',94226,94227,94228,94229,103239,94231,103240,94233,94234,94235,94236,94237,94238,94239,94240,94241,94242,94243,94244,103241,94246,94247,94248,94249
58,5800,'5458',94250,94251,94252,94253,103242,94255,103243,94257,94258,94259,94260,94261,94262,94263,94264,94265,94266,94267,94268,103244,94270,94271,94272,94273
58,5800,'5459',94274,94275,94276,94277,94278,94279,94280,94281,94282,94283,94284,94285,94286,94287,94288,94289
58,5800,'5460',103245,103246,94292,94293,94294,103247,103248,94297,94298,94299,94300,94301,94302,94303
58,5800,'5461',94304,103249,94306,94307,94308,103250,94310,103251,94312,94313,94314,94315,103252,94317
58,5800,'5462',94318,103253,94320,94321,94322,103254,94324,103255,94326,94327,94328,94329,103256,94331
58,5800,'5463',94332,103257,94334,94335,94336,103258,94338,103259,94340,94341,94342,94343,103260,94345
58,5801,'5456',94346,94347,94348,94349,103261,94351,103262,94353,94354,94355,94356,94357,94358,94359,94360,94361,94362,94363,94364,103263,94366,94367,94368,94369,94370
58,5801,'5458',94371,94372,94373,94374,103264,94376,103265,94378,94379,94380,94381,94382,94383,94384,94385,94386,94387,94388,94389,103266,94391,94392,94393,94394,94395
58,5801,'5459',94396,94397,94398,94399,94400,94401,94402,94403,94404,94405,94406,94407,94408,94409,94410,94411
58,5801,'5460',103267,94413,94414,94415,103268,103269,94418,103270,94420,94421,94422,94423,94424,94425
58,5801,'5461',94426,94427,94428,94429,103271,94431,94432,103272,103273,94435,94436,94437,94438,103274
58,5801,'5462',94440,94441,94442,94443,103275,94445,94446,103276,103277,94449,94450,94451,94452,103278
58,5801,'5463',94454,94455,94456,94457,103279,94459,94460,103280,103281,94463,94464,94465,94466,103282
59,5900,'5456',94468,94469,94470,94471,94472,94473,94474,94475,94476,94477,94478,94479,94480,94481,94482,94483,94484,94485
59,5900,'5458',94486,94487,94488,94489,94490,94491,94492,94493,94494,94495,94496,94497,94498,94499,94500,94501,94502,94503
59,5900,'5459',94504,94505,94506,94507,94508,94509,94510,94511,94512,94513,94514,94515,94516,94517
59,5900,'5460',94518,94519,94520,94521,94522,94523,103283,94525,94526,94527,94528,94529,94530
59,5900,'5461',94531,94532,94533,94534,94535,94536,94537,94538,94539,94540,94541,94542,94543
59,5900,'5462',94544,94545,94546,94547,94548,94549,94550,94551,94552,94553,94554,94555,94556
59,5900,'5463',94557,94558,94559,94560,94561,94562,94563,94564,94565,94566,94567,94568,94569
59,5901,'5456',94570,94571,94572,94573,94574,94575,94576,103284,94578,103285,94580,94581,94582,94583,94584,94585,94586,94587
59,5901,'5458',94588,94589,94590,94591,94592,94593,94594,103286,94596,103287,94598,94599,94600,94601,94602,94603,94604,94605
59,5901,'5459',94606,94607,94608,94609,94610,94611,94612,94613,94614,94615,94616,94617,94618,94619
59,5901,'5460',94620,94621,94622,94623,94624,94625,94626,94627,94628,94629,94630,94631,94632
59,5901,'5461',94633,94634,94635,94636,94637,94638,94639,103288,103289,94642,103290,103291,103292
59,5901,'5462',94646,94647,94648,94649,94650,94651,94652,103293,103294,94655,103295,103296,103297
59,5901,'5463',94659,94660,94661,94662,94663,94664,94665,103298,103299,94668,103300,103301,103302
60,6000,'5456',94672,94673,94674,94675,94676,94677,94678,94679,94680,103303,103304,94683,94684,94685,94686,94687,94688,94689,94690
60,6000,'5458',94691,94692,94693,94694,94695,94696,94697,94698,94699,103305,103306,94702,94703,94704,94705,94706,94707,94708,94709
60,6000,'5459',94710,94711,94712,94713,94714,94715,94716,94717,94718,94719,94720,94721,94722,94723
60,6000,'5460',94724,94725,94726,94727,94728,94729,94730,94731,94732,94733,94734,94735,94736
60,6000,'5461',94737,94738,94739,94740,94741,103307,103308,94744,94745,103309,94747,103310,103311
60,6000,'5462',94750,94751,94752,94753,94754,103312,103313,94757,94758,103314,94760,103315,103316
60,6000,'5463',94763,94764,94765,94766,94767,103317,103318,94770,94771,103319,94773,103320,103321
60,6001,'5456',94776,94777,94778,94779,94780,94781,94782,94783,94784,94785,94786,94787,94788,94789,94790,103322,94792,94793
60,6001,'5458',94794,94795,94796,94797,94798,94799,94800,94801,94802,94803,94804,94805,94806,94807,94808,103323,94810,94811
60,6001,'5459',94812,94813,94814,94815,94816,94817,94818,94819,94820,94821,94822,94823,94824,94825
60,6001,'5460',94826,94827,94828,94829,94830,94831,94832,103324,94834,94835,94836,94837,94838
60,6001,'5461',94839,94840,94841,94842,94843,94844,94845,94846,94847,94848,94849,103325,94851
60,6001,'5462',94852,94853,94854,94855,94856,94857,94858,94859,94860,94861,94862,103326,94864
60,6001,'5463',94865,94866,94867,94868,94869,94870,94871,94872,94873,94874,94875,103327,94877
61,6100,'5456',94878,103328,103329,94881,94882,103330,103331,94885,94886,94887,94888,103332,94890,94891,94892,94893,94894,94895,94896,94897,94898,103333,94900,103334,94902,94903,94904,94905,94906,94907,94908,94909,94910,94911,94912,94913,94914
61,6100,'5458',103335,94916,103336,103337,94919,94920,103338,103339,94923,94924,94925,94926,103340,94928,94929,94930,94931,94932,94933,94934,94935,94936,94937,103341,94939,103342,94941,94942,94943,94944,94945,94946,94947,94948,94949,94950,94951,94952
61,6100,'5459',94953,94954,94955,94956,94957,94958,103343,94960,94961,103344,94963,94964,103345,94966,94967,94968,94969,94970,94971,94972,94973,94974,94975,94976,94977,94978,94979,94980,94981
61,6100,'5460',94982,94983,94984,94985,94986,94987,94988,94989,94990,94991,94992,94993,94994,94995,94996,94997,94998,94999,95000,95001,95002
61,6100,'5461',103346,95004,95005,95006,95007,95008,95009,95010,95011,95012,95013,95014,95015,95016,95017,95018,95019,95020,95021,95022,95023
61,6100,'5462',103347,95025,95026,95027,95028,95029,95030,95031,95032,95033,95034,95035,95036,95037,95038,95039,95040,95041,95042,95043,95044
61,6100,'5463',103348,95046,95047,95048,95049,95050,95051,95052,95053,95054,95055,95056,95057,95058,95059,95060,95061,95062,95063,95064,95065
61,6101,'5456',103349,103350,95068,95069,103351,103352,95072,95073,95074,95075,95076,95077,103353,95079,95080,95081,95082,95083,95084,95085,95086,103354,95088,95089,95090,95091,95092,95093,95094,95095,95096,95097,95098,95099,95100,95101
61,6101,'5458',103355,103356,103357,95105,95106,103358,103359,95109,95110,95111,95112,95113,95114,103360,95116,95117,95118,95119,95120,95121,95122,95123,103361,95125,95126,95127,95128,95129,95130,95131,95132,95133,95134,95135,95136,95137,95138
61,6101,'5459',95139,95140,95141,95142,95143,95144,103362,95146,95147,103363,95149,95150,103364,95152,95153,95154,95155,95156,95157,95158,95159,95160,95161,95162,95163,95164,95165,95166,95167
61,6101,'5460',95168,95169,95170,95171,95172,95173,95174,95175,95176,95177,95178,95179,95180,95181,95182,95183,95184,95185,95186,95187,95188
61,6101,'5461',95189,95190,103365,95192,95193,95194,95195,95196,95197,95198,95199,95200,95201,95202,95203,95204,95205,95206,95207,95208,95209
61,6101,'5462',95210,95211,103366,95213,95214,95215,95216,95217,95218,95219,95220,95221,95222,95223,95224,95225,95226,95227,95228,95229,95230
61,6101,'5463',95231,95232,103367,95234,95235,95236,95237,95238,95239,95240,95241,95242,95243,95244,95245,95246,95247,95248,95249,95250,95251
63,6301,'5456',95252,95253,103368,103369
63,6301,'5458',95256,95257,103370,103371
64,6400,'5456',95260,95261,95262,95263,103372,103373,103374
64,6400,'5458',95267,95268,95269,95270,103375,103376,103377
64,6401,'5456',95274,95275,95276,103378,103379,103380,103381
64,6401,'5458',95281,95282,95283,103382,103383,103384,103385
65,6500,'5456',95288,95289,95290,103386
65,6500,'5458',95292,95293,95294,103387
65,6501,'5456',95296,103388,95298,95299
65,6501,'5458',95300,103389,95302,95303
70,7000,'5456',103390,103391,103392,103393,103394,103395,103396,103397,103398,103399,103400,103401,103402,103403,103404,103405
70,7000,'5458',103406,103407,103408,103409,103410,103411,103412,103413,103414,103415,103416,103417,103418,103419,103420,103421,95336,95337,95338
70,7000,'5459',103422,103423,103424,95342,95343,103425,95345,95346,103426,103427,103428,95350,103429,103430,103431,103432,103433,103434,103435,95358,103436,95360
70,7000,'5460',95361,95362,103437,95364,103438,103439,103440,103441,95369,103442,103443,103444,103445,103446,103447,103448,103449,103450,103451
70,7000,'5461',103452,103453,103454,95383,103455,103456,103457,103458,95388,103459,103460,103461,103462,95393,103463,103464,103465,95397,103466,103467,103468,103469,103470,103471,103472
70,7000,'5462',103473,103474,103475,95408,103476,103477,103478,103479,95413,103480,103481,103482,103483,95418,103484,103485,103486,95422,103487,103488,103489,103490,103491,103492,103493
70,7000,'5463',103494,103495,95432,95433,103496,103497,103498,103499,95438,103500,103501,103502,103503,103504,103505,103506,103507,103508,103509,95449,103510
70,7001,'5456',103511,103512,103513,103514,103515,103516,103517,103518,103519,103520,95461,103521,103522,103523,103524,103525
70,7001,'5458',103526,103527,103528,103529,103530,103531,103532,103533,103534,103535,95477,103536,103537,103538,103539,103540
70,7001,'5459',103541,95484,103542,103543,95487,103544,103545,95490,103546,103547,103548,103549,103550
70,7001,'5460',95496,103551,95498,103552,103553,103554,103555,103556,103557,103558,103559,103560,103561,95509
70,7001,'5461',103562,103563,95512,103564,103565,103566,103567,103568,95518,103569,103570,95521,103571,103572,103573,103574
70,7001,'5462',103575,103576,95528,103577,103578,103579,103580,103581,95534,103582,103583,95537,103584,103585,103586,103587
70,7001,'5463',103588,95543,95544,103589,103590,103591,103592,103593,103594,103595,103596,103597,103598,103599
71,7100,'5456',103600,103601,95558
71,7100,'5458',103602,103603,95561
71,7101,'5456',103604,103605,103606
71,7101,'5458',103607,103608,103609
72,7200,'5456',103610,103611,103612,103613,103614,103615,103616,103617,103618,103619,103620,103621,103622,103623,103624,103625,103626,103627,103628,103629,103630,103631,103632,103633,103634,103635,103636,103637,103638,103639,103640,103641,95600
72,7200,'5458',103642,103643,103644,103645,103646,103647,103648,103649,103650,103651,103652,103653,103654,103655,103656,103657,103658,103659,103660,103661,103662,103663,103664,103665,103666,103667,103668,103669,103670,103671,103672,103673,95633
72,7200,'5459',103674,103675,103676,95637,103677,103678,103679,103680,103681,103682,103683,103684,103685,103686,103687,103688,103689,103690,103691,103692,103693,95655,95656,103694,103695,103696,103697,95661,103698,103699,95664
72,7200,'5460',103700,103701,103702,103703,103704,103705,103706,103707,103708,103709,103710,103711,103712,103713,103714,103715,103716,95682,103717,103718,103719,95686,95687,103720,95689,103721
72,7200,'5461',103722,103723,103724,103725,103726,103727,103728,103729,103730,103731,103732,103733,103734,103735,103736,103737,103738,103739,103740,103741,103742,103743,103744,103745,103746,95716
72,7200,'5462',103747,103748,103749,103750,103751,103752,103753,103754,103755,103756,103757,103758,103759,103760,103761,103762,103763,103764,103765,103766,103767,103768,103769,103770,103771,95742
72,7200,'5463',103772,103773,103774,103775,103776,103777,103778,103779,103780,103781,103782,103783,103784,103785,103786,103787,103788,95760,103789,103790,103791,103792,95765,103793,103794,95768
72,7201,'5456',103795,103796,103797,103798,103799,103800,103801,103802,103803,103804,103805,103806,103807,103808,103809,103810,103811,103812,103813,103814,103815,103816,103817,103818,103819,103820,103821,103822,103823,95798,103824,103825,103826
72,7201,'5457',103827
72,7201,'5458',103828,103829,103830,103831,103832,103833,103834,103835,103836,103837,103838,103839,103840,103841,103842,103843,103844,103845,103846,103847,103848,103849,103850,103851,103852,103853,103854,103855,103856,103857,95833,103858,103859,103860
72,7201,'5459',103861,95838,103862,103863,103864,103865,95843,103866,103867,103868,103869,103870,103871,103872,103873,103874,103875,103876,103877,103878,103879,103880,103881,95860,95861,103882,103883,103884,103885
72,7201,'5460',103886,103887,95868,103888,103889,103890,103891,103892,103893,103894,103895,103896,103897,103898,103899,103900,103901,103902,103903,103904,103905,95887,103906,103907,95890
72,7201,'5461',103908,103909,103910,103911,103912,103913,103914,103915,103916,103917,103918,103919,103920,103921,103922,103923,103924,103925,103926,103927,103928,103929,103930,103931,103932
72,7201,'5462',103933,103934,103935,103936,103937,103938,103939,103940,103941,103942,103943,103944,103945,103946,103947,103948,103949,103950,103951,103952,103953,103954,103955,103956,103957
72,7201,'5463',103958,103959,103960,103961,103962,103963,103964,103965,103966,103967,103968,103969,103970,103971,103972,103973,103974,103975,103976,103977,103978,95962,103979,103980,103981
75,7500,'5456',103982,95967,95968,103983,95970,103984,103985,103986,103987,103988,103989,103990,103991,95979,95980,95981,103992,95983,103993,95985,103994,103995,95988,103996,95990,103997,95992,103998,95994,103999,104000,95997,104001,95999,96000,96001,96002,104002,104003
75,7500,'5458',104004,96006,96007,104005,96009,104006,104007,104008,104009,104010,104011,104012,104013,96018,96019,96020,104014,96022,104015,96024,104016,104017,96027,104018,96029,104019,96031,104020,96033,104021,104022,96036,104023,96038,96039,96040,96041,104024,104025
75,7500,'5459',96044,96045,104026,96047,104027,104028,104029,104030,96052,96053,96054,104031,104032,104033,104034,96059,96060,104035,104036,96063,96064,96065,96066
75,7500,'5460',104037,104038,96069,104039,96071,96072,104040,104041,104042,104043,96077,104044,96079,104045,104046,96082,104047,104048,104049,96086,104050
75,7500,'5461',104051,96089,96090,96091,96092,96093,104052,104053,104054,104055,96098,104056,96100,104057,104058,104059,104060,96105,104061,104062,96108
75,7500,'5462',104063,96110,96111,96112,96113,96114,104064,104065,104066,104067,96119,104068,96121,104069,104070,104071,104072,96126,104073,104074,96129
75,7500,'5463',104075,96131,96132,96133,96134,96135,104076,104077,104078,104079,96140,104080,96142,104081,104082,104083,104084,96147,104085,104086,96150
75,7501,'5456',96151,96152,104087,96154,96155,104088,104089,104090,96159,104091,104092,104093,96163,96164,104094,96166,104095,96168,104096,104097,104098,104099,96173,96174,104100,96176,104101,96178,96179,96180,104102,96182,104103,96184,104104,104105,104106
75,7501,'5458',96188,96189,104107,96191,96192,104108,104109,104110,96196,104111,104112,104113,96200,96201,104114,96203,104115,96205,104116,104117,104118,104119,96210,96211,104120,96213,104121,96215,96216,96217,104122,96219,104123,96221,104124,104125,104126
75,7501,'5459',104127,96226,104128,104129,96229,96230,104130,104131,104132,104133,96235,104134,96237,96238,104135,104136,104137,96242,96243,104138,104139,96246,96247
75,7501,'5460',104140,104141,96250,104142,96252,104143,104144,96255,104145,96257,104146,104147,104148,104149,104150,104151,104152,96265,104153,104154,96268,104155
75,7501,'5461',104156,104157,96272,96273,96274,96275,104158,96277,104159,96279,104160,104161,104162,104163,104164,104165,104166,104167,104168,96289,104169,96291
75,7501,'5462',104170,104171,96294,96295,96296,96297,104172,96299,104173,96301,104174,104175,104176,104177,104178,104179,104180,104181,104182,96311,104183,96313
75,7501,'5463',104184,104185,96316,96317,96318,96319,104186,96321,104187,96323,104188,104189,104190,104191,104192,104193,104194,104195,104196,96333,104197,96335
76,7600,'5458',96336,96337
76,7601,'5460',96338,96339,96340
76,7601,'5462',96341,96342,96343
81,8100,'5456',104198,96345,104199,104200,104201,104202,104203,96351,96352,104204,96354,96355,104205,104206,104207,96359
81,8100,'5458',104208,96361,104209,104210,104211,104212,104213,96367,96368,104214,96370,96371,104215,104216,104217,96375
81,8100,'5459',104218,96377,96378,104219,104220,104221,96382,104222,104223,96385,96386,104224,104225,96389
81,8100,'5460',96390,104226,104227,96393,96394,104228,104229,104230,104231,104232,96400,104233,104234,104235
81,8100,'5461',96404,96405,96406,96407,96408,104236,104237,104238,104239,104240,104241,104242,96416,104243
81,8100,'5462',96418,96419,96420,96421,96422,104244,104245,104246,104247,104248,104249,104250,96430,104251
81,8100,'5463',96432,96433,96434,96435,96436,104252,104253,104254,104255,104256,104257,104258,96444,104259
81,8101,'5456',96446,104260,96448,104261,104262,104263,104264,104265,104266,96455,96456,96457,96458,96459,104267,104268
81,8101,'5458',96462,104269,96464,104270,104271,104272,104273,104274,104275,96471,96472,96473,96474,96475,104276,104277
81,8101,'5459',104278,96479,96480,104279,104280,104281,96484,104282,104283,96487,96488,104284,104285
81,8101,'5460',104286,96492,104287,96494,96495,104288,104289,104290,104291,104292,96501,104293,104294
81,8101,'5461',96504,96505,96506,96507,96508,104295,104296,104297,104298,104299,104300,104301,96516
81,8101,'5462',96517,96518,96519,96520,96521,104302,104303,104304,104305,104306,104307,104308,96529
81,8101,'5463',96530,96531,96532,96533,96534,104309,104310,104311,104312,104313,104314,104315,96542
83,8300,'5456',96543,105866,105867,105868,96547,96548,96549
83,8300,'5458',96550,105869,105870,105871,96554,96555,96556
83,8300,'5459',104320,104321,104322,104323
83,8300,'5460',104324,104325,104326,104327
83,8300,'5461',104328,104329,104330,104331
83,8300,'5462',104332,104333,104334,104335
83,8300,'5463',105872,105873,105874,105875
83,8301,'5456',96577,96578,96579,105876,105877,96582,96583,96584
83,8301,'5458',96585,96586,96587,105878,105879,96590,96591,96592
83,8301,'5459',104342,104343,104344,104345
83,8301,'5460',104346,104347,104348,104349
83,8301,'5461',104350,104351,104352,104353
83,8301,'5462',104354,104355,104356,104357
83,8301,'5463',105880,105881,105882,105883
85,8500,'5456',105884,105885,105886,105887,105888,105889,105890,105891
85,8500,'5458',105892,105893,105894,105895,105896,105897,105898,105899
85,8500,'5459',104370,104371,104372,104373
85,8500,'5460',104374,104375,104376,104377
85,8500,'5461',104378,104379,104380,104381
85,8500,'5462',104382,104383,104384,104385
85,8500,'5463',105900,105901,105902,105903
87,8700,'5456',104390,104391,104392,104393,96653,96654,96655
87,8700,'5458',104394,104395,104396,104397,96660,96661,96662
87,8701,'5456',104398,104399,104400,104401,96667,96668
87,8701,'5458',104402,104403,104404,104405,96673,96674
88,8800,'5456',105904,105905,105906,105907,105908,96680
88,8800,'5458',105909,105910,105911,105912,105913,96686
88,8800,'5459',96687,96688,96689,96690,96691,96692,96693,96694,104412,96696,96697,96698,96699,96700
88,8800,'5460',104413,96702,104414,104415,104416,104417,96707,96708,96709,96710,96711,104418,104419,104420
88,8800,'5461',104421,96716,104422,104423,104424,104425,96721,96722,96723,96724,96725,104426,104427,104428
88,8800,'5462',104429,96730,104430,104431,104432,104433,96735,96736,96737,96738,96739,104434,104435,104436
88,8800,'5463',105914,96744,105915,105916,105917,105918,96749,96750,96751,96752,96753,105919,105920,105921
88,8801,'5456',96757,105922,105923,105924,105925,105926,96763
88,8801,'5458',96764,105927,105928,105929,105930,105931,96770
88,8801,'5459',96771,96772,96773,96774,96775,96776,96777,96778,96779,96780,104451,96782,96783,96784
88,8801,'5460',104452,104453,104454,96788,104455,104456,104457,104458,104459,96794,96795,96796,96797,96798
88,8801,'5461',104460,104461,104462,96802,104463,104464,104465,104466,104467,96808,96809,96810,96811,96812
88,8801,'5462',104468,104469,104470,96816,104471,104472,104473,104474,104475,96822,96823,96824,96825,96826
88,8801,'5463',105932,105933,105934,96830,105935,105936,105937,105938,105939,96836,96837,96838,96839,96840
95,9500,'5456',104484,104485,104486,104487,104488,104489,104490,104491,104492,104493,104494,104495,104496,104497,104498,104499,104500,104501,104502,104503,104504,104505,104506,104507,104508,104509,96867,96868,104510,96870,104511,104512,104513,104514,104515,104516,104517,104518,104519,104520,104521,104522,104523,104524,104525,104526,104527,104528,104529,104530,104531,104532,104533,104534,104535,104536,104537,104538,104539,104540,104541,104542,104543,104544,104545,104546,104547,104548,104549,104550,104551,104552,104553,104554,104555,104556,104557,104558,104559,104560,104561,104562,96923,96924,96925,104563,104564,104565,104566,104567,104568,104569,104570,104571,96935,96936
95,9500,'5458',104572,104573,104574,104575,104576,104577,104578,104579,104580,104581,104582,104583,104584,104585,104586,104587,104588,104589,104590,104591,104592,104593,104594,104595,104596,104597,96963,96964,104598,96966,104599,104600,104601,104602,104603,104604,104605,104606,104607,104608,104609,104610,104611,104612,104613,104614,104615,104616,104617,104618,104619,104620,104621,104622,104623,104624,104625,104626,104627,104628,104629,104630,104631,104632,104633,104634,104635,104636,104637,104638,104639,104640,104641,104642,104643,104644,104645,104646,104647,104648,104649,104650,97019,97020,97021,104651,104652,104653,104654,104655,104656,104657,104658,104659,97031,104660,104661,97034,97035
95,9500,'5459',104662,104663,104664,104665,104666,104667,104668,104669,104670,104671,104672,104673,104674,104675,104676,104677,104678,104679,104680,104681,104682,104683,104684,104685,104686,104687,97062,104688,104689,104690,104691,104692,104693,104694,104695,104696,104697,97073,104698,104699,104700,104701,104702,104703,104704,104705,104706,104707,104708,104709,104710,104711,104712,104713,104714,104715,104716,104717,104718,104719,104720,104721,104722,104723,104724,104725,104726,104727,104728,104729,104730,104731,104732,104733,104734,104735,97112
95,9500,'5460',104736,104737,104738,104739,104740,104741,104742,104743,104744,104745,104746,104747,104748,104749,104750,104751,104752,104753,104754,104755,104756,104757,104758,104759,104760,104761,104762,104763,104764,104765,104766,104767,104768,104769,104770,104771,104772,104773,104774,104775,104776,104777,104778,104779,104780,104781,104782,104783,104784,104785,104786,104787,104788,104789,104790,104791,104792,104793,104794,104795,104796,104797,104798,104799,104800,104801,104802,104803
95,9500,'5461',104804,104805,104806,104807,104808,104809,104810,104811,104812,104813,104814,104815,104816,104817,104818,104819,104820,104821,104822,104823,104824,104825,104826,104827,104828,104829,104830,104831,104832,104833,104834,104835,104836,104837,104838,104839,104840,104841,104842,104843,104844,104845,104846,104847,104848,104849,104850,104851,104852,104853,104854,104855,104856,104857,104858,104859,104860,104861,104862,104863,104864,104865,104866,104867,104868,104869,104870,104871
95,9500,'5462',104872,104873,104874,104875,104876,104877,104878,104879,104880,104881,104882,104883,104884,104885,104886,104887,104888,104889,104890,104891,104892,104893,104894,104895,104896,104897,104898,104899,104900,104901,104902,104903,104904,104905,104906,104907,104908,104909,104910,104911,104912,104913,104914,104915,104916,104917,104918,104919,104920,104921,104922,104923,104924,104925,104926,104927,104928,104929,104930,104931,104932,104933,104934,104935,104936,104937,104938,104939
95,9500,'5463',104940,104941,104942,104943,104944,104945,104946,104947,104948,104949,104950,104951,104952,104953,104954,104955,104956,104957,104958,104959,104960,104961,104962,104963,104964,104965,104966,104967,104968,104969,104970,104971,104972,104973,104974,104975,104976,104977,104978,104979,104980,104981,104982,104983,104984,104985,104986,104987,104988,104989,104990,104991,104992,104993,104994,104995,104996,104997,104998,104999,105000,105001,105002,105003,105004,105005,105006,105007
95,9501,'5456',105008,105009,97387,105010,105011,105012,105013,105014,105015,105016,105017,105018,105019,105020,105021,105022,105023,105024,105025,105026,105027,105028,105029,105030,105031,105032,105033,105034,105035,105036,105037,105038,105039,105040,105041,105042,105043,105044,105045,105046,105047,105048,105049,105050,105051,105052,105053,105054,105055,105056,105057,105058,105059,105060,105061,105062,105063,105064,105065,105066,105067,105068,105069,105070,105071,105072,105073,105074,105075,105076,105077,105078,105079,105080,105081,105082,105083,105084,105085,97464,97465,97466,97467,97468,105086,105087,105088,105089,105090,105091,105092,105093,105094,105095,105096,105097,97481,97482
95,9501,'5458',105098,105099,97485,105100,105101,105102,105103,105104,105105,105106,105107,105108,105109,105110,105111,105112,105113,105114,105115,105116,105117,105118,105119,105120,105121,105122,105123,105124,105125,105126,105127,105128,105129,105130,105131,105132,105133,105134,105135,105136,105137,105138,105139,105140,105141,105142,105143,105144,105145,105146,105147,105148,105149,105150,105151,105152,105153,105154,105155,105156,105157,105158,105159,105160,105161,105162,105163,105164,105165,105166,105167,105168,105169,105170,105171,105172,105173,105174,105175,105176,97563,97564,97565,97566,97567,105177,105178,105179,105180,105181,105182,105183,105184,105185,105186,105187,105188,97580,105189,105190,97583,97584
95,9501,'5459',105191,105192,105193,105194,105195,105196,105197,105198,105199,105200,105201,105202,105203,105204,105205,105206,105207,105208,105209,105210,105211,105212,105213,105214,105215,105216,105217,105218,97613,105219,105220,105221,105222,105223,105224,105225,105226,105227,105228,97624,105229,105230,105231,105232,105233,105234,105235,105236,105237,105238,105239,105240,105241,105242,105243,105244,105245,105246,105247,105248,105249,105250,105251,105252,105253,105254,105255,105256,105257,105258,105259,105260,105261,105262,105263,105264,105265,105266,97663
95,9501,'5460',105267,105268,105269,105270,105271,105272,105273,105274,105275,105276,105277,105278,105279,105280,105281,105282,105283,105284,105285,105286,105287,105288,105289,105290,105291,105292,105293,105294,105295,105296,105297,105298,105299,105300,105301,105302,105303,105304,105305,105306,105307,105308,105309,105310,105311,105312,105313,105314,105315,105316,105317,105318,105319,105320,105321,105322,105323,105324,105325,105326,105327,105328,105329,105330,105331,105332,105333
95,9501,'5461',105334,105335,105336,105337,105338,105339,105340,105341,105342,105343,105344,105345,105346,105347,105348,105349,105350,105351,105352,105353,105354,105355,105356,105357,105358,105359,105360,105361,105362,105363,105364,105365,105366,105367,105368,105369,105370,105371,105372,105373,105374,105375,105376,105377,105378,105379,105380,105381,105382,105383,105384,105385,105386,105387,105388,105389,105390,105391,105392,105393,105394,105395,105396,105397,105398,105399,105400
95,9501,'5462',105401,105402,105403,105404,105405,105406,105407,105408,105409,105410,105411,105412,105413,105414,105415,105416,105417,105418,105419,105420,105421,105422,105423,105424,105425,105426,105427,105428,105429,105430,105431,105432,105433,105434,105435,105436,105437,105438,105439,105440,105441,105442,105443,105444,105445,105446,105447,105448,105449,105450,105451,105452,105453,105454,105455,105456,105457,105458,105459,105460,105461,105462,105463,105464,105465,105466,105467
95,9501,'5463',105468,105469,105470,105471,105472,105473,105474,105475,105476,105477,105478,105479,105480,105481,105482,105483,105484,105485,105486,105487,105488,105489,105490,105491,105492,105493,105494,105495,105496,105497,105498,105499,105500,105501,105502,105503,105504,105505,105506,105507,105508,105509,105510,105511,105512,105513,105514,105515,105516,105517,105518,105519,105520,105521,105522,105523,105524,105525,105526,105527,105528,105529,105530,105531,105532,105533,105534
10006,1000600,'5456',105535,105536,97934,97935,97936,105537,97938,97939,97940,97941,97942,97943,97944,97945,97946,105538,97948,97949,105539,105540,97952,97953,97954,97955,105541
10006,1000600,'5458',105542,105543,97959,97960,97961,105544,97963,105545,97965,97966,97967,97968,97969,97970,97971,105546,97973,97974,105547,105548,97977,97978,97979,97980,105549
10006,1000600,'5459',105550,105551,105552,105553,97986,105554,105555,105556,97990,105557,97992,105558,97994,97995,97996,97997,105559,105560,105561,98001
10006,1000600,'5460',105562,105563,105564,98005,105565,98007,105566,105567,105568,105569,105570,105571,98014,105572,98016,98017
10006,1000600,'5461',105573,105574,98020,105575,105576,98023,98024,105577,105578,105579,98028,105580,98030,105581,98032,98033
10006,1000600,'5462',105582,105583,98036,105584,105585,98039,98040,105586,105587,105588,98044,105589,98046,105590,98048,98049
10006,1000600,'5463',105591,105592,98052,105593,105594,98055,98056,105595,105596,105597,98060,105598,98062,105599,98064,98065
10006,1000601,'5456',98066,98067,98068,98069,105600,98071,98072,98073,98074,105601,98076,98077,98078,98079,105602,98081,98082,98083,105603,98085,105604,98087,98088
10006,1000601,'5458',98089,98090,98091,98092,105605,98094,98095,98096,98097,105606,105607,98100,98101,98102,105608,98104,98105,98106,105609,98108,105610,98110,98111
10006,1000601,'5459',98112,105611,105612,105613,98116,98117,105614,98119,98120,105615,105616,98123,98124,98125,105617,105618,105619,98129,98130
10006,1000601,'5460',105620,105621,105622,105623,105624,98136,105625,105626,105627,98140,105628,105629,98143,98144,105630,98146
10006,1000601,'5461',105631,105632,98149,105633,98151,105634,105635,105636,105637,98156,105638,105639,98159,98160,105640,98162
10006,1000601,'5462',105641,105642,98165,105643,98167,105644,105645,105646,105647,98172,105648,105649,98175,98176,105650,98178
10006,1000601,'5463',105651,105652,98181,105653,98183,105654,105655,105656,105657,98188,105658,105659,98191,98192,105660,98194
10022,1002200,'5456',105661,98196,105662,105663,105664,98200
10022,1002200,'5458',105665,98202,105666,105667,105668,98206
10022,1002201,'5456',105669,105670,105671,105672,105673,105674,105675,98214,98215
10022,1002201,'5458',105676,105677,105678,105679,105680,105681,105682,98223,98224
10026,1002601,'5456',98225,98226,98227,98228,98229,98230,98231,98232,98233,98234,98235,98236,98237,98238,98239,105683
10026,1002601,'5458',98241,98242,98243,98244,98245,98246,98247,98248,98249,98250,98251,98252,98253,98254,98255,105684
10072,1007200,'5456',105685
10072,1007200,'5458',105686
10072,1007200,'5459',105687,105688
10072,1007200,'5460',98261
10072,1007200,'5461',105689
10072,1007200,'5462',105690
10072,1007200,'5463',105691
10072,1007201,'5456',105692,105693,105694
10072,1007201,'5458',105695,105696,105697
10072,1007201,'5459',98271,105698,105699
10072,1007201,'5460',98274,105700
10072,1007201,'5461',105701,105702
10072,1007201,'5462',105703,105704
10072,1007201,'5463',98280,105705
10088,1008800,'5456',98282,105940,105941,105942,105943,105944,105945,105946,105947,105948,105949,105950,105951,98295,98296,105952,105953
10088,1008800,'5458',98299,105954,105955,105956,105957,105958,105959,105960,105961,105962,105963,105964,105965,98312,98313,105966,105967
10088,1008801,'5456',98316,105968,105969,105970,105971,105972,105973,105974,105975,105976,105977,105978,105979,98329,105980
10088,1008801,'5458',98331,105981,105982,105983,105984,105985,105986,105987,105988,105989,105990,105991,105992,98344,105993
20006,2000600,'5456',98346,98347,98348,105726,98350,98351,98352,98353,98354,105727,98356,105728,105729,98359,98360,98361,98362,98363,98364,105730
20006,2000600,'5458',98366,98367,105731,105732,98370,98371,98372,98373,98374,105733,98376,105734,105735,98379,98380,98381,98382,98383,98384,105736
20006,2000601,'5456',98386,98387,98388,98389,105737,98391,98392,98393,98394,98395,98396,98397,98398,105738,98400,98401,105739,105740,98404
20006,2000601,'5458',98405,98406,98407,98408,105741,98410,105742,98412,98413,98414,98415,98416,98417,105743,98419,98420,105744,105745,98423
140007,14000700,'5456',98424,98425,98426,98427,98428,98429
140007,14000700,'5458',98430,98431,98432,98433,98434,98435
140007,14000700,'5459',98436,98437,98438,98439,98440,98441
140007,14000700,'5460',98442,98443,98444,98445,98446
140007,14000700,'5461',98447,98448,98449,98450,98451
140007,14000700,'5462',98452,98453,98454,98455,98456
140007,14000700,'5463',98457,98458,98459,98460,98461
140007,14000701,'5456',98462,98463,98464,98465,98466,98467
140007,14000701,'5458',98468,98469,98470,98471,98472,98473
140007,14000701,'5459',98474,98475,98476,98477,98478,98479
140007,14000701,'5460',105746,105994,98482,98483,98484,98485
140007,14000701,'5461',98486,105995,98488,98489,98490,98491
140007,14000701,'5462',98492,105996,98494,98495,98496,98497
140007,14000701,'5463',98498,105997,98500,98501,98502,98503
140021,14002100,'5456',98504,98505,98506,98507,98508
140021,14002100,'5458',98509,98510,98511,98512,98513
140021,14002100,'5459',98514,98515,98516,98517,98518
140021,14002100,'5460',98519,98520,98521
140021,14002100,'5461',98522,98523,98524
140021,14002100,'5462',98525,98526,98527
140021,14002100,'5463',98528,98529,98530
240027,24002700,'5456',98531,105750,98533,98534
240027,24002700,'5458',98535,105751,98537,98538
240027,24002701,'5456',98539,105752,98541,98542
240027,24002701,'5458',98543,105753,98545,98546
240028,24002800,'5456',98547,98548,98549,98550,98551,98552
240028,24002800,'5458',105754,98554,98555,105755,98557,98558
240051,24005100,'5456',98559,98560,98561,98562,105756,98564,98565,98566,98567,98568,98569,105757,105758,105759,98573,98574,98575
240051,24005100,'5458',98576,98577,98578,98579,105760,98581,98582,98583,98584,98585,98586,105761,105762,105763,98590,98591,98592
240051,24005101,'5456',98593,98594,105764,98596,98597,98598,98599,98600,98601,98602,105765,98604,98605,98606,105766,105767,98609,98610
240051,24005101,'5458',98611,98612,105768,98614,98615,98616,98617,98618,98619,98620,105769,98622,98623,98624,105770,105771,98627,98628
240070,24007001,'5456',98629
240070,24007001,'5458',98630,98631,98632,98633,98634,98635
240070,24007001,'5459',98636,98637,105772,105773,105774,105775,98642
240070,24007001,'5460',98643,105776,98645,105777,105778,105779,105780
240070,24007001,'5461',105781,105782,98652,105783,105784,105785,98656,105786,105787,105788,105789
240070,24007001,'5462',105790,105791,98663,105792,105793,105794,98667,105795,105796,105797,105798
240070,24007001,'5463',105799,105800,98674,105801,105802,105803,98678,105804,98680
