1,100,'5456',87464,87465,87466,87467,87468
1,100,'5458',87469,87470,87471,87472,87473
1,101,'5456',87474,87475,87476,87477,87478
1,101,'5458',87479,87480,87481,87482,87483
2,200,'4832',77852,63384,63385,63386,63387,63388,77853,63390,63391,63392,63393,63394,77854,63396,63397,63398,63399,63400,63401,63402,63403,63404,63405,63406,63407
2,200,'5453',77855,77856,77857,77858,77859,77860,77861,77862,77863,77864,77865,77866,81953,77868,77869,77870,77871,77872,77873,77874,77875,77876,77877,77878,77879
2,200,'5456',87484,87485,87486,87487,87488,87489,87490,87491,87492,87493,87494,87495,87496,87497,87498,87499,87500,87501,87502,87503,87504,87505,87506,87507,87508,87509,87510,87511,87512,87513,87514,87515,87516,87517,87518
2,200,'5458',87519,87520,87521,87522,87523,87524,87525,87526,87527,87528,87529,87530,87531,87532,87533,87534,87535,87536,87537,87538,87539,87540,87541,87542,87543,87544,87545,87546,87547,87548,87549,87550,87551,87552,87553,87554
2,200,'5459',87555,87556,87557,87558,87559,87560,87561,87562,87563,87564,87565,87566,87567,87568,87569,87570,87571,87572,87573,87574,87575,87576,87577,87578,87579,87580,87581,87582,87583,87584
2,200,'5460',87585,87586,87587,87588,87589,87590,87591,87592,87593,87594,87595,87596,87597,87598,87599,87600,87601,87602,87603,87604,87605,87606,87607,87608,87609
2,200,'5461',87610,87611,87612,87613,87614,87615,87616,87617,87618,87619,87620,87621,87622,87623,87624,87625,87626,87627,87628,87629,87630,87631,87632,87633,87634
2,200,'5462',87635,87636,87637,87638,87639,87640,87641,87642,87643,87644,87645,87646,87647,87648,87649,87650,87651,87652,87653,87654,87655,87656,87657,87658,87659
2,200,'5463',87660,87661,87662,87663,87664,87665,87666,87667,87668,87669,87670,87671,87672,87673,87674,87675,87676,87677,87678,87679,87680,87681,87682,87683,87684
2,201,'4832',77880,63555,63556,77881,63558,63559,77882,63561,63562,63563,63564,63565,63566,63567,63568,63569,63570,63571,63572,63573,63574,63575,63576,63577,63578
2,201,'5453',77883,77884,77885,77886,77887,77888,77889,77890,77891,77892,77893,77894,77895,77896,77897,77898,77899,77900,77901,77902,77903,77904,77905,77906,77907
2,201,'5456',87685,87686,87687,87688,87689,87690,87691,87692,87693,87694,87695,87696,87697,87698,87699,87700,87701,87702,87703,87704,87705,87706,87707,87708,87709,87710,87711,87712,87713,87714,87715,87716,87717
2,201,'5458',87718,87719,87720,87721,87722,87723,87724,87725,87726,87727,87728,87729,87730,87731,87732,87733,87734,87735,87736,87737,87738,87739,87740,87741,87742,87743,87744,87745,87746,87747,87748,87749,87750,87751
2,201,'5459',87752,87753,87754,87755,87756,87757,87758,87759,87760,87761,87762,87763,87764,87765,87766,87767,87768,87769,87770,87771,87772,87773,87774,87775,87776,87777,87778,87779
2,201,'5460',87780,87781,87782,87783,87784,87785,87786,87787,87788,87789,87790,87791,87792,87793,87794,87795,87796,87797,87798,87799,87800,87801,87802,87803,87804
2,201,'5461',87805,87806,87807,87808,87809,87810,87811,87812,87813,87814,87815,87816,87817,87818,87819,87820,87821,87822,87823,87824,87825,87826,87827,87828,87829
2,201,'5462',87830,87831,87832,87833,87834,87835,87836,87837,87838,87839,87840,87841,87842,87843,87844,87845,87846,87847,87848,87849,87850,87851,87852,87853,87854
2,201,'5463',87855,87856,87857,87858,87859,87860,87861,87862,87863,87864,87865,87866,87867,87868,87869,87870,87871,87872,87873,87874,87875,87876,87877,87878,87879
3,300,'4832',63720,63721,63722,63723,63724,63725,63726,63727,63728,63729,63730,63731,63732,63733,63734,63735,63736,63737,63738,63739,63740,63741,63742,63743,63744
3,300,'5453',77908,77909,77910,77911,77912,77913,77914,77915,77916,77917,77918,77919,77920,77921,77922,77923,77924,77925,77926,77927,77928,77929,77930,77931,77932
3,300,'5456',87880,87881,87882,87883,87884,87885,87886,87887,87888,87889,87890,87891,87892,87893,87894,87895,87896,87897,87898,87899,87900,87901,87902,87903,87904,87905,87906,87907,87908
3,300,'5458',87909,87910,87911,87912,87913,87914,87915,87916,87917,87918,87919,87920,87921,87922,87923,87924,87925,87926,87927,87928,87929,87930,87931,87932,87933,87934,87935,87936,87937
3,300,'5459',87938,87939,87940,87941,87942,87943,87944,87945,87946,87947,87948,87949,87950,87951,87952,87953,87954,87955,87956,87957,87958,87959,87960,87961,87962,87963,87964,87965,87966
3,300,'5460',87967,87968,87969,87970,87971,87972,87973,87974,87975,87976,87977,87978,87979,87980,87981,87982,87983,87984,87985,87986,87987,87988,87989,87990,87991
3,300,'5461',87992,87993,87994,87995,87996,87997,87998,87999,88000,88001,88002,88003,88004,88005,88006,88007,88008,88009,88010,88011,88012,88013,88014,88015,88016
3,300,'5462',88017,88018,88019,88020,88021,88022,88023,88024,88025,88026,88027,88028,88029,88030,88031,88032,88033,88034,88035,88036,88037,88038,88039,88040,88041
3,300,'5463',88042,88043,88044,88045,88046,88047,88048,88049,88050,88051,88052,88053,88054,88055,88056,88057,88058,88059,88060,88061,88062,88063,88064,88065,88066
3,301,'4832',63884,63885,63886,63887,63888,63889,63890,63891,63892,63893,63894,63895,63896,63897,63898,63899,63900,63901,63902,63903,63904,63905,63906,63907
3,301,'5453',77933,77934,77935,77936,77937,77938,77939,77940,77941,77942,77943,77944,77945,77946,77947,77948,77949,77950,77951,77952,77953,77954,77955,77956
3,301,'5456',88067,88068,88069,88070,88071,88072,88073,88074,88075,88076,88077,88078,88079,88080,88081,88082,88083,88084,88085,88086,88087,88088,88089,88090,88091,88092,88093,88094,88095
3,301,'5458',88096,88097,88098,88099,88100,88101,88102,88103,88104,88105,88106,88107,88108,88109,88110,88111,88112,88113,88114,88115,88116,88117,88118,88119,88120,88121,88122,88123,88124
3,301,'5459',88125,88126,88127,88128,88129,88130,88131,88132,88133,88134,88135,88136,88137,88138,88139,88140,88141,88142,88143,88144,88145,88146,88147,88148,88149,88150,88151,88152
3,301,'5460',88153,88154,88155,88156,88157,88158,88159,88160,88161,88162,88163,88164,88165,88166,88167,88168,88169,88170,88171,88172,88173,88174,88175,88176
3,301,'5461',88177,88178,88179,88180,88181,88182,88183,88184,88185,88186,88187,88188,88189,88190,88191,88192,88193,88194,88195,88196,88197,88198,88199,88200
3,301,'5462',88201,88202,88203,88204,88205,88206,88207,88208,88209,88210,88211,88212,88213,88214,88215,88216,88217,88218,88219,88220,88221,88222,88223,88224
3,301,'5463',88225,88226,88227,88228,88229,88230,88231,88232,88233,88234,88235,88236,88237,88238,88239,88240,88241,88242,88243,88244,88245,88246,88247,88248
4,400,'4832',82002,82003,82004,82005,64206,64207,64208,64209,64210,64211,64212,64213,64214,64215,64216,64217,64218,64219,64220,64221,64222,64223,64224,64225,64226,64227,64228,64229,64230,64231,64232,64233,82006,82007,64236,82008,82009,64239,64240,64241,64242,82010,82011,64245,64246,64247,64248
4,400,'5453',77970,82012,77972,82013,77974,82014,77976,77977,77978,82015,82016,77981,77982,82017,82018,77985,77986,77987,82019,77989,77990,77991,82020,77993,77994,77995,82021,77997,77998,77999,82022,78001,78002,78003,78004,78005,82023,78007,78008,78009,82024,78011,78012,82025,82026,82027,82028
4,400,'5456',88249,88250,88251,88252,88253,88254,88255,88256,88257,88258,88259,88260,88261,88262,88263,88264,88265,88266,88267,88268,88269,88270,88271,88272,88273,88274,88275,88276,88277,88278,88279,88280,88281,88282,88283,88284,88285,88286,88287,88288,88289,88290,88291,88292,88293,88294,88295,88296,88297,88298,88299,88300,88301,88302,88303,88304,88305,88306,88307,88308,88309,88310,88311,88312,88313,88314,88315,88316,88317,88318,88319,88320,88321,88322,88323,88324,88325,88326,88327
4,400,'5458',88328,88329,88330,88331,88332,88333,88334,88335,88336,88337,88338,88339,88340,88341,88342,88343,88344,88345,88346,88347,88348,88349,88350,88351,88352,88353,88354,88355,88356,88357,88358,88359,88360,88361,88362,88363,88364,88365,88366,88367,88368,88369,88370,88371,88372,88373,88374,88375,88376,88377,88378,88379,88380,88381,88382,88383,88384,88385,88386,88387,88388,88389,88390,88391,88392,88393,88394,88395,88396,88397,88398,88399,88400,88401,88402,88403,88404,88405,88406,88407,88408,88409,88410,88411
4,400,'5459',88412,88413,88414,88415,88416,88417,88418,88419,88420,88421,88422,88423,88424,88425,88426,88427,88428,88429,88430,88431,88432,88433,88434,88435,88436,88437,88438,88439,88440,88441,88442,88443,88444,88445,88446,88447,88448,88449,88450,88451,88452,88453,88454,88455,88456,88457,88458,88459,88460,88461,88462,88463,88464,88465,88466,88467,88468,88469,88470,88471,88472,88473,88474,88475,88476,88477
4,400,'5460',88478,88479,88480,88481,88482,88483,88484,88485,88486,88487,88488,88489,88490,88491,88492,88493,88494,88495,88496,88497,88498,88499,88500,88501,88502,88503,88504,88505,88506,88507,88508,88509,88510,88511,88512,88513,88514,88515,88516,88517,88518,88519,88520,88521,88522,88523,88524
4,400,'5461',88525,88526,88527,88528,88529,88530,88531,88532,88533,88534,88535,88536,88537,88538,88539,88540,88541,88542,88543,88544,88545,88546,88547,88548,88549,88550,88551,88552,88553,88554,88555,88556,88557,88558,88559,88560,88561,88562,88563,88564,88565,88566,88567,88568,88569,88570,88571
4,400,'5462',88572,88573,88574,88575,88576,88577,88578,88579,88580,88581,88582,88583,88584,88585,88586,88587,88588,88589,88590,88591,88592,88593,88594,88595,88596,88597,88598,88599,88600,88601,88602,88603,88604,88605,88606,88607,88608,88609,88610,88611,88612,88613,88614,88615,88616,88617,88618
4,400,'5463',88619,88620,88621,88622,88623,88624,88625,88626,88627,88628,88629,88630,88631,88632,88633,88634,88635,88636,88637,88638,88639,88640,88641,88642,88643,88644,88645,88646,88647,88648,88649,88650,88651,88652,88653,88654,88655,88656,88657,88658,88659,88660,88661,88662,88663,88664,88665
4,401,'4832',82088,82089,82090,82091,64566,64567,64568,64569,64570,64571,64572,64573,64574,64575,64576,64577,64578,64579,64580,64581,64582,64583,64584,64585,64586,64587,64588,64589,64590,64591,64592,64593,82092,82093,64596,82094,82095,64599,64600,64601,64602,82096,82097,64605,64606,64607,64608,64609
4,401,'5453',78031,82098,78033,82099,78035,82100,78037,78038,78039,82101,82102,78042,78043,82103,82104,78046,78047,78048,82105,78050,78051,78052,82106,78054,78055,78056,82107,78058,78059,78060,82108,78062,78063,78064,78065,78066,82109,78068,78069,78070,82110,78072,78073,78074,82111,82112,82113,82114
4,401,'5456',88666,88667,88668,88669,88670,88671,88672,88673,88674,88675,88676,88677,88678,88679,88680,88681,88682,88683,88684,88685,88686,88687,88688,88689,88690,88691,88692,88693,88694,88695,88696,88697,88698,88699,88700,88701,88702,88703,88704,88705,88706,88707,88708,88709,88710,88711,88712,88713,88714,88715,88716,88717,88718,88719,88720,88721,88722,88723,88724,88725,88726,88727,88728,88729,88730,88731,88732,88733,88734,88735,88736,88737,88738,88739
4,401,'5458',88740,88741,88742,88743,88744,88745,88746,88747,88748,88749,88750,88751,88752,88753,88754,88755,88756,88757,88758,88759,88760,88761,88762,88763,88764,88765,88766,88767,88768,88769,88770,88771,88772,88773,88774,88775,88776,88777,88778,88779,88780,88781,88782,88783,88784,88785,88786,88787,88788,88789,88790,88791,88792,88793,88794,88795,88796,88797,88798,88799,88800,88801,88802,88803,88804,88805,88806,88807,88808,88809,88810,88811,88812,88813,88814,88815,88816,88817
4,401,'5459',88818,88819,88820,88821,88822,88823,88824,88825,88826,88827,88828,88829,88830,88831,88832,88833,88834,88835,88836,88837,88838,88839,88840,88841,88842,88843,88844,88845,88846,88847,88848,88849,88850,88851,88852,88853,88854,88855,88856,88857,88858,88859,88860,88861,88862,88863,88864,88865,88866,88867,88868,88869,88870,88871,88872,88873,88874,88875,88876,88877,88878,88879,88880,88881
4,401,'5460',88882,88883,88884,88885,88886,88887,88888,88889,88890,88891,88892,88893,88894,88895,88896,88897,88898,88899,88900,88901,88902,88903,88904,88905,88906,88907,88908,88909,88910,88911,88912,88913,88914,88915,88916,88917,88918,88919,88920,88921,88922,88923,88924,88925,88926,88927,88928,88929
4,401,'5461',88930,88931,88932,88933,88934,88935,88936,88937,88938,88939,88940,88941,88942,88943,88944,88945,88946,88947,88948,88949,88950,88951,88952,88953,88954,88955,88956,88957,88958,88959,88960,88961,88962,88963,88964,88965,88966,88967,88968,88969,88970,88971,88972,88973,88974,88975,88976,88977
4,401,'5462',88978,88979,88980,88981,88982,88983,88984,88985,88986,88987,88988,88989,88990,88991,88992,88993,88994,88995,88996,88997,88998,88999,89000,89001,89002,89003,89004,89005,89006,89007,89008,89009,89010,89011,89012,89013,89014,89015,89016,89017,89018,89019,89020,89021,89022,89023,89024,89025
4,401,'5463',89026,89027,89028,89029,89030,89031,89032,89033,89034,89035,89036,89037,89038,89039,89040,89041,89042,89043,89044,89045,89046,89047,89048,89049,89050,89051,89052,89053,89054,89055,89056,89057,89058,89059,89060,89061,89062,89063,89064,89065,89066,89067,89068,89069,89070,89071,89072,89073
5,500,'4832',78079,64741,78080,64743,64744,64745,64746,64747,64748,78081,64750,64751,64752,64753,64754,64755
5,500,'5453',78082,78083,78084,78085,78086,78087,78088,78089,78090,78091,78092,78093,78094,78095,78096,78097
5,500,'5456',89074,89075,89076,89077,89078,89079,89080,89081,89082,89083,89084,89085,89086,89087,89088,89089,89090,89091,89092,89093,89094,89095
5,500,'5458',89096,89097,89098,89099,89100,89101,89102,89103,89104,89105,89106,89107,89108,89109,89110,89111,89112,89113,89114,89115,89116,89117
5,500,'5459',89118,89119,89120,89121,89122,89123,89124,89125,89126,89127,89128,89129,89130,89131,89132,89133,89134,89135,89136
5,500,'5460',89137,89138,89139,89140,89141,89142,89143,89144,89145,89146,89147,89148,89149,89150,89151,89152
5,500,'5461',89153,89154,89155,89156,89157,89158,89159,89160,89161,89162,89163,89164,89165,89166,89167,89168
5,500,'5462',89169,89170,89171,89172,89173,89174,89175,89176,89177,89178,89179,89180,89181,89182,89183,89184
5,500,'5463',89185,89186,89187,89188,89189,89190,89191,89192,89193,89194,89195,89196,89197,89198,89199,89200
5,501,'4832',64858,78098,64860,78099,64862,64863,64864,64865,64866,64867,64868,78100,64870,64871,64872,64873,64874
5,501,'5453',78101,78102,78103,78104,78105,78106,78107,78108,78109,78110,78111,82128,78113,78114,78115,78116,78117
5,501,'5456',89201,89202,89203,89204,89205,89206,89207,89208,89209,89210,89211,89212,89213,89214,89215,89216,89217,89218,89219,89220,89221,89222,89223
5,501,'5458',89224,89225,89226,89227,89228,89229,89230,89231,89232,89233,89234,89235,89236,89237,89238,89239,89240,89241,89242,89243,89244,89245,89246
5,501,'5459',89247,89248,89249,89250,89251,89252,89253,89254,89255,89256,89257,89258,89259,89260,89261,89262,89263,89264,89265,89266
5,501,'5460',89267,89268,89269,89270,89271,89272,89273,89274,89275,89276,89277,89278,89279,89280,89281,89282,89283
5,501,'5461',89284,89285,89286,89287,89288,89289,89290,89291,89292,89293,89294,89295,89296,89297,89298,89299,89300
5,501,'5462',89301,89302,89303,89304,89305,89306,89307,89308,89309,89310,89311,89312,89313,89314,89315,89316,89317
5,501,'5463',89318,89319,89320,89321,89322,89323,89324,89325,89326,89327,89328,89329,89330,89331,89332,89333,89334
6,600,'4832',78211,82182,82183,82184,82185,82186,82187,78217,65128,82188,82189,82190,82191,82192,78223,82193,82194,82195,82196,65139,82197,78229,82198,78231,78232,82199,78233,82200,82201,82202,78235,82203,78237,78238,78239,78240,78241,82204,82205,82206,82207,82208,78247,78248,82209,78250,78251,82210,82211,82212
6,600,'5453',82213,82214,78342,82215,82216,82217,82218,82219,82220,82221,82222,82223,82224,82225,82226,82227,78356,78357,82228,78359,82229,82230,82231,82232,82233,82234,82235,82236,82237,78369,82238,82239,82240,82241,82242,82243,82244,82245,82246,82247,82248,78381,82249,82250,78384,78385,82251,82252,82253,82254
6,600,'5456',89335,89336,89337,89338,89339,89340,89341,89342,89343,89344,89345,89346,89347,89348,89349,89350,89351,89352,89353,89354,89355,89356,89357,89358,89359,89360,89361,89362,89363,89364,89365,89366,89367,89368,89369,89370,89371,89372,89373,89374,89375,89376,89377,89378,89379,89380,89381,89382,89383,89384
6,600,'5458',89385,89386,89387,89388,89389,89390,89391,89392,89393,89394,89395,89396,89397,89398,89399,89400,89401,89402,89403,89404,89405,89406,89407,89408,89409,89410,89411,89412,89413,89414,89415,89416,89417,89418,89419,89420,89421,89422,89423,89424,89425,89426,89427,89428,89429,89430,89431,89432,89433,89434,89435,89436,89437,89438,89439
6,600,'5459',89440,89441,89442,89443,89444,89445,89446,89447,89448,89449,89450,89451,89452,89453,89454,89455,89456,89457,89458,89459,89460,89461,89462,89463,89464,89465,89466,89467,89468,89469,89470,89471,89472,89473,89474,89475,89476,89477,89478,89479,89480,89481,89482,89483,89484,89485,89486,89487,89488,89489,89490,89491,89492,89493,89494,89495,89496,89497,89498,89499,89500,89501,89502,89503
6,600,'5460',89504,89505,89506,89507,89508,89509,89510,89511,89512,89513,89514,89515,89516,89517,89518,89519,89520,89521,89522,89523,89524,89525,89526,89527,89528,89529,89530,89531,89532,89533,89534,89535,89536,89537,89538,89539,89540,89541,89542,89543,89544,89545,89546,89547,89548,89549,89550,89551,89552,89553
6,600,'5461',89554,89555,89556,89557,89558,89559,89560,89561,89562,89563,89564,89565,89566,89567,89568,89569,89570,89571,89572,89573,89574,89575,89576,89577,89578,89579,89580,89581,89582,89583,89584,89585,89586,89587,89588,89589,89590,89591,89592,89593,89594,89595,89596,89597,89598,89599,89600,89601,89602,89603
6,600,'5462',89604,89605,89606,89607,89608,89609,89610,89611,89612,89613,89614,89615,89616,89617,89618,89619,89620,89621,89622,89623,89624,89625,89626,89627,89628,89629,89630,89631,89632,89633,89634,89635,89636,89637,89638,89639,89640,89641,89642,89643,89644,89645,89646,89647,89648,89649,89650,89651,89652,89653
6,600,'5463',89654,89655,89656,89657,89658,89659,89660,89661,89662,89663,89664,89665,89666,89667,89668,89669,89670,89671,89672,89673,89674,89675,89676,89677,89678,89679,89680,89681,89682,89683,89684,89685,89686,89687,89688,89689,89690,89691,89692,89693,89694,89695,89696,89697,89698,89699,89700,89701,89702,89703
6,601,'4832',82313,82314,82315,65453,82316,82317,82318,82319,82320,78492,82321,82322,82323,78496,65464,78497,82324,82325,82326,78501,78502,82327,82328,78505,78506,78507,82329,82330,82331,82332,78510,82333,82334,82335,78514,78515,82336,82337,78518,82338,78520,82339,78522,78523,82340,78525,82341,82342,82343
6,601,'5453',82344,82345,78620,82346,82347,82348,82349,78625,82350,82351,82352,82353,82354,82355,78632,82356,78634,78635,82357,82358,82359,82360,82361,82362,82363,82364,82365,82366,82367,82368,82369,82370,82371,82372,82373,82374,82375,82376,82377,78657,82378,82379,78660,82380,78662,82381,82382,82383,82384
6,601,'5456',89704,89705,89706,89707,89708,89709,89710,89711,89712,89713,89714,89715,89716,89717,89718,89719,89720,89721,89722,89723,89724,89725,89726,89727,89728,89729,89730,89731,89732,89733,89734,89735,89736,89737,89738,89739,89740,89741,89742,89743,89744,89745,89746,89747,89748,89749,89750,89751,89752,89753,89754,89755
6,601,'5458',89756,89757,89758,89759,89760,89761,89762,89763,89764,89765,89766,89767,89768,89769,89770,89771,89772,89773,89774,89775,89776,89777,89778,89779,89780,89781,89782,89783,89784,89785,89786,89787,89788,89789,89790,89791,89792,89793,89794,89795,89796,89797,89798,89799,89800,89801,89802,89803,89804,89805,89806,89807,89808,89809,89810,89811
6,601,'5459',89812,89813,89814,89815,89816,89817,89818,89819,89820,89821,89822,89823,89824,89825,89826,89827,89828,89829,89830,89831,89832,89833,89834,89835,89836,89837,89838,89839,89840,89841,89842,89843,89844,89845,89846,89847,89848,89849,89850,89851,89852,89853,89854,89855,89856,89857,89858,89859,89860,89861,89862,89863,89864,89865,89866,89867,89868,89869,89870,89871,89872,89873,89874,89875
6,601,'5460',89876,89877,89878,89879,89880,89881,89882,89883,89884,89885,89886,89887,89888,89889,89890,89891,89892,89893,89894,89895,89896,89897,89898,89899,89900,89901,89902,89903,89904,89905,89906,89907,89908,89909,89910,89911,89912,89913,89914,89915,89916,89917,89918,89919,89920,89921,89922,89923,89924
6,601,'5461',89925,89926,89927,89928,89929,89930,89931,89932,89933,89934,89935,89936,89937,89938,89939,89940,89941,89942,89943,89944,89945,89946,89947,89948,89949,89950,89951,89952,89953,89954,89955,89956,89957,89958,89959,89960,89961,89962,89963,89964,89965,89966,89967,89968,89969,89970,89971,89972,89973
6,601,'5462',89974,89975,89976,89977,89978,89979,89980,89981,89982,89983,89984,89985,89986,89987,89988,89989,89990,89991,89992,89993,89994,89995,89996,89997,89998,89999,90000,90001,90002,90003,90004,90005,90006,90007,90008,90009,90010,90011,90012,90013,90014,90015,90016,90017,90018,90019,90020,90021,90022
6,601,'5463',90023,90024,90025,90026,90027,90028,90029,90030,90031,90032,90033,90034,90035,90036,90037,90038,90039,90040,90041,90042,90043,90044,90045,90046,90047,90048,90049,90050,90051,90052,90053,90054,90055,90056,90057,90058,90059,90060,90061,90062,90063,90064,90065,90066,90067,90068,90069,90070,90071
7,700,'4832',65680,65681,65682,82411,65684,65685,65686,65687,82412,65689,65690,65691,65692,82413,65694,65695,65696,65697,65698,65699,65700,82414,65702,82415,65704,65705
7,700,'5453',78675,78676,82416,78678,78679,78680,78681,78682,82417,78684,78685,78686,78687,82418,78689,82419,78691,82420,78693,78694,82421,78696,78697,82422,82423,78700
7,700,'5456',90072,90073,90074,90075,90076,90077,90078,90079,90080,90081,90082,90083,90084,90085,90086,90087,90088,90089,90090,90091,90092,90093,90094,90095,90096,90097,90098,90099,90100,90101,90102,90103,90104,90105,90106,90107,90108,90109,90110,90111,90112,90113,90114,90115,90116,90117,90118,90119
7,700,'5458',90120,90121,90122,90123,90124,90125,90126,90127,90128,90129,90130,90131,90132,90133,90134,90135,90136,90137,90138,90139,90140,90141,90142,90143,90144,90145,90146,90147,90148,90149,90150,90151,90152,90153,90154,90155,90156,90157,90158,90159,90160,90161,90162,90163,90164,90165,90166,90167
7,700,'5459',90168,90169,90170,90171,90172,90173,90174,90175,90176,90177,90178,90179,90180,90181,90182,90183,90184,90185,90186,90187,90188,90189,90190,90191,90192,90193,90194,90195,90196
7,700,'5460',90197,90198,90199,90200,90201,90202,90203,90204,90205,90206,90207,90208,90209,90210,90211,90212,90213,90214,90215,90216,90217,90218,90219,90220,90221,90222
7,700,'5461',90223,90224,90225,90226,90227,90228,90229,90230,90231,90232,90233,90234,90235,90236,90237,90238,90239,90240,90241,90242,90243,90244,90245,90246,90247,90248
7,700,'5462',90249,90250,90251,90252,90253,90254,90255,90256,90257,90258,90259,90260,90261,90262,90263,90264,90265,90266,90267,90268,90269,90270,90271,90272,90273,90274
7,700,'5463',90275,90276,90277,90278,90279,90280,90281,90282,90283,90284,90285,90286,90287,90288,90289,90290,90291,90292,90293,90294,90295,90296,90297,90298,90299,90300
7,701,'4832',65864,65865,65866,65867,65868,65869,65870,65871,82449,65873,65874,82450,65876,65877,65878,65879,82451,82452,65882,65883,82453,65885,65886,65887,65888,65889
7,701,'5453',78707,78708,78709,78710,78711,78712,78713,78714,82454,78716,78717,82455,78719,78720,78721,82456,82457,78724,78725,78726,82458,78728,78729,78730,78731,82459
7,701,'5456',90301,90302,90303,90304,90305,90306,90307,90308,90309,90310,90311,90312,90313,90314,90315,90316,90317,90318,90319,90320,90321,90322,90323,90324,90325,90326,90327,90328,90329,90330,90331,90332,90333,90334,90335,90336,90337,90338,90339,90340,90341,90342,90343,90344,90345,90346,90347,90348
7,701,'5458',90349,90350,90351,90352,90353,90354,90355,90356,90357,90358,90359,90360,90361,90362,90363,90364,90365,90366,90367,90368,90369,90370,90371,90372,90373,90374,90375,90376,90377,90378,90379,90380,90381,90382,90383,90384,90385,90386,90387,90388,90389,90390,90391,90392,90393,90394,90395,90396
7,701,'5459',90397,90398,90399,90400,90401,90402,90403,90404,90405,90406,90407,90408,90409,90410,90411,90412,90413,90414,90415,90416,90417,90418,90419,90420,90421,90422,90423,90424,90425
7,701,'5460',90426,90427,90428,90429,90430,90431,90432,90433,90434,90435,90436,90437,90438,90439,90440,90441,90442,90443,90444,90445,90446,90447,90448,90449,90450,90451
7,701,'5461',90452,90453,90454,90455,90456,90457,90458,90459,90460,90461,90462,90463,90464,90465,90466,90467,90468,90469,90470,90471,90472,90473,90474,90475,90476,90477
7,701,'5462',90478,90479,90480,90481,90482,90483,90484,90485,90486,90487,90488,90489,90490,90491,90492,90493,90494,90495,90496,90497,90498,90499,90500,90501,90502,90503
7,701,'5463',90504,90505,90506,90507,90508,90509,90510,90511,90512,90513,90514,90515,90516,90517,90518,90519,90520,90521,90522,90523,90524,90525,90526,90527,90528,90529
8,800,'4832',65994,65995,65996,65997,65998,65999,66000,66001,66002,66003,66004
8,800,'5453',78735,78736,78737,78738,78739,78740,78741,78742,78743,78744,78745
8,800,'5456',90530,90531,90532,90533,90534,90535,90536,90537,90538,90539,90540,90541,90542,90543,90544,90545,90546,90547,90548,90549,90550,90551,90552,90553,90554,90555
8,800,'5458',90556,90557,90558,90559,90560,90561,90562,90563,90564,90565,90566,90567,90568,90569,90570,90571,90572,90573,90574,90575,90576,90577,90578,90579,90580,90581
8,800,'5459',90582,90583,90584,90585,90586,90587,90588,90589,90590,90591,90592,90593,90594,90595,90596
8,800,'5460',90597,90598,90599,90600,90601,90602,90603,90604,90605,90606,90607
8,800,'5461',90608,90609,90610,90611,90612,90613,90614,90615,90616,90617,90618
8,800,'5462',90619,90620,90621,90622,90623,90624,90625,90626,90627,90628,90629
8,800,'5463',90630,90631,90632,90633,90634,90635,90636,90637,90638,90639,90640
8,801,'4832',66094,66095,66096,66097,66098,66099,66100,66101,66102,66103,66104
8,801,'5453',78748,78749,78750,78751,78752,78753,78754,78755,78756,78757,78758
8,801,'5456',90641,90642,90643,90644,90645,90646,90647,90648,90649,90650,90651,90652,90653,90654,90655,90656,90657,90658,90659,90660,90661,90662,90663,90664,90665,90666
8,801,'5458',90667,90668,90669,90670,90671,90672,90673,90674,90675,90676,90677,90678,90679,90680,90681,90682,90683,90684,90685,90686,90687,90688,90689,90690,90691,90692
8,801,'5459',90693,90694,90695,90696,90697,90698,90699,90700,90701,90702,90703,90704,90705,90706,90707
8,801,'5460',90708,90709,90710,90711,90712,90713,90714,90715,90716,90717,90718
8,801,'5461',90719,90720,90721,90722,90723,90724,90725,90726,90727,90728,90729
8,801,'5462',90730,90731,90732,90733,90734,90735,90736,90737,90738,90739,90740
8,801,'5463',90741,90742,90743,90744,90745,90746,90747,90748,90749,90750,90751
9,900,'5456',90752,90753,90754,90755,90756
9,900,'5458',90757,90758,90759,90760,90761
9,901,'5456',90762,90763,90764,90765,90766,90767,90768,90769
9,901,'5458',90770,90771,90772,90773,90774,90775,90776,90777
10,1000,'4832',66192,66193,66194,66195,66196,66197,66198,66199,66200,66201,66202,66203,66204
10,1000,'5453',78759,78760,78761,78762,78763,78764,78765,78766,78767,78768,78769,78770,78771
10,1000,'5456',90778,90779,90780,90781,90782,90783,90784,90785,90786,90787,90788,90789,90790,90791,90792,90793,90794,90795,90796,90797
10,1000,'5458',90798,90799,90800,90801,90802,90803,90804,90805,90806,90807,90808,90809,90810,90811,90812,90813,90814,90815,90816,90817
10,1000,'5459',90818,90819,90820,90821,90822,90823,90824,90825,90826,90827,90828,90829,90830,90831
10,1000,'5460',90832,90833,90834,90835,90836,90837,90838,90839,90840,90841,90842,90843,90844
10,1000,'5461',90845,90846,90847,90848,90849,90850,90851,90852,90853,90854,90855,90856,90857
10,1000,'5462',90858,90859,90860,90861,90862,90863,90864,90865,90866,90867,90868,90869,90870
10,1000,'5463',90871,90872,90873,90874,90875,90876,90877,90878,90879,90880,90881,90882,90883
10,1001,'4832',66286,66287,66288,66289,66290,66291,66292,66293,66294,66295,66296,66297,66298,66299
10,1001,'5453',78772,78773,78774,78775,78776,78777,78778,78779,78780,78781,78782,78783,78784,78785
10,1001,'5456',90884,90885,90886,90887,90888,90889,90890,90891,90892,90893,90894,90895,90896,90897,90898,90899,90900,90901,90902,90903
10,1001,'5458',90904,90905,90906,90907,90908,90909,90910,90911,90912,90913,90914,90915,90916,90917,90918,90919,90920,90921,90922,90923
10,1001,'5459',90924,90925,90926,90927,90928,90929,90930,90931,90932,90933,90934,90935,90936,90937
10,1001,'5460',90938,90939,90940,90941,90942,90943,90944,90945,90946,90947,90948,90949,90950,90951
10,1001,'5461',90952,90953,90954,90955,90956,90957,90958,90959,90960,90961,90962,90963,90964,90965
10,1001,'5462',90966,90967,90968,90969,90970,90971,90972,90973,90974,90975,90976,90977,90978,90979
10,1001,'5463',90980,90981,90982,90983,90984,90985,90986,90987,90988,90989,90990,90991,90992,90993
11,1100,'4832',82531,66491,82532,82533,82534,82535,82536,82537,82538,82539,82540,82541,82542,82543,82544,82545,82546,82547,82548,82549,82550,82551,82552,82553,82554,82555,82556,82557,82558
11,1100,'5453',78801,82559,82560,82561,78805,82562,82563,82564,82565,82566,78811,82567,82568,82569,82570,82571,78817,82572,82573,82574,82575,82576,82577,82578,82579,82580,82581,82582,82583
11,1100,'5456',90994,90995,90996,90997,90998,90999,91000,91001,91002,91003,91004,91005,91006,91007,91008,91009,91010,91011,91012,91013,91014,91015,91016,91017,91018,91019,91020,91021,91022,91023,91024,91025,91026,91027,91028,91029,91030,91031,91032,91033,91034,91035,91036,91037,91038,91039,91040,91041,91042,91043
11,1100,'5458',91044,91045,91046,91047,91048,91049,91050,91051,91052,91053,91054,91055,91056,91057,91058,91059,91060,91061,91062,91063,91064,91065,91066,91067,91068,91069,91070,91071,91072,91073,91074,91075,91076,91077,91078,91079,91080,91081,91082,91083,91084,91085,91086,91087,91088,91089,91090,91091,91092,91093
11,1100,'5459',91094,91095,91096,91097,91098,91099,91100,91101,91102,91103,91104,91105,91106,91107,91108,91109,91110,91111,91112,91113,91114,91115,91116,91117,91118,91119,91120,91121,91122,91123,91124,91125,91126,91127,91128,91129,91130,91131
11,1100,'5460',91132,91133,91134,91135,91136,91137,91138,91139,91140,91141,91142,91143,91144,91145,91146,91147,91148,91149,91150,91151,91152,91153,91154,91155,91156,91157,91158,91159,91160
11,1100,'5461',91161,91162,91163,91164,91165,91166,91167,91168,91169,91170,91171,91172,91173,91174,91175,91176,91177,91178,91179,91180,91181,91182,91183,91184,91185,91186,91187,91188,91189
11,1100,'5462',91190,91191,91192,91193,91194,91195,91196,91197,91198,91199,91200,91201,91202,91203,91204,91205,91206,91207,91208,91209,91210,91211,91212,91213,91214,91215,91216,91217,91218
11,1100,'5463',91219,91220,91221,91222,91223,91224,91225,91226,91227,91228,91229,91230,91231,91232,91233,91234,91235,91236,91237,91238,91239,91240,91241,91242,91243,91244,91245,91246,91247
11,1101,'4832',82652,82653,66724,82654,82655,82656,82657,82658,82659,82660,82661,82662,82663,82664,82665,82666,82667,82668,82669,82670,82671,82672,82673,82674,82675,82676,82677,82678,82679,82680
11,1101,'5453',78847,78848,78849,82681,82682,78852,82683,82684,82685,82686,82687,82688,78859,78860,82689,82690,82691,82692,82693,82694,82695,82696,82697,82698,82699,82700,82701,82702,82703,82704
11,1101,'5456',91248,91249,91250,91251,91252,91253,91254,91255,91256,91257,91258,91259,91260,91261,91262,91263,91264,91265,91266,91267,91268,91269,91270,91271,91272,91273,91274,91275,91276,91277,91278,91279,91280,91281,91282,91283,91284,91285,91286,91287,91288,91289,91290,91291,91292,91293,91294,91295
11,1101,'5458',91296,91297,91298,91299,91300,91301,91302,91303,91304,91305,91306,91307,91308,91309,91310,91311,91312,91313,91314,91315,91316,91317,91318,91319,91320,91321,91322,91323,91324,91325,91326,91327,91328,91329,91330,91331,91332,91333,91334,91335,91336,91337,91338,91339,91340,91341,91342,91343
11,1101,'5459',91344,91345,91346,91347,91348,91349,91350,91351,91352,91353,91354,91355,91356,91357,91358,91359,91360,91361,91362,91363,91364,91365,91366,91367,91368,91369,91370,91371,91372,91373,91374,91375,91376,91377,91378,91379,91380,91381,91382
11,1101,'5460',91383,91384,91385,91386,91387,91388,91389,91390,91391,91392,91393,91394,91395,91396,91397,91398,91399,91400,91401,91402,91403,91404,91405,91406,91407,91408,91409,91410,91411,91412
11,1101,'5461',91413,91414,91415,91416,91417,91418,91419,91420,91421,91422,91423,91424,91425,91426,91427,91428,91429,91430,91431,91432,91433,91434,91435,91436,91437,91438,91439,91440,91441,91442
11,1101,'5462',91443,91444,91445,91446,91447,91448,91449,91450,91451,91452,91453,91454,91455,91456,91457,91458,91459,91460,91461,91462,91463,91464,91465,91466,91467,91468,91469,91470,91471,91472
11,1101,'5463',91473,91474,91475,91476,91477,91478,91479,91480,91481,91482,91483,91484,91485,91486,91487,91488,91489,91490,91491,91492,91493,91494,91495,91496,91497,91498,91499,91500,91501,91502
12,1200,'4832',66842,66843,66844,66845,66846,82744,82745,82746,66850,82747,66852
12,1200,'5453',78877,78878,78879,82748,78881,82749,82750,82751,78885,82752,78887
12,1200,'5456',91503,91504,91505,91506,91507,91508,91509,91510,91511,91512,91513,91514,91515,91516,91517,91518,91519,91520,91521,91522,91523,91524,91525,91526,91527,91528,91529,91530,91531,91532,91533
12,1200,'5458',91534,91535,91536,91537,91538,91539,91540,91541,91542,91543,91544,91545,91546,91547,91548,91549,91550,91551,91552,91553,91554,91555,91556,91557,91558,91559,91560,91561,91562,91563,91564
12,1200,'5459',91565,91566,91567,91568,91569,91570,91571,91572,91573,91574,91575
12,1200,'5460',91576,91577,91578,91579,91580,91581,91582,91583,91584,91585,91586
12,1200,'5461',91587,91588,91589,91590,91591,91592,91593,91594,91595,91596,91597
12,1200,'5462',91598,91599,91600,91601,91602,91603,91604,91605,91606,91607,91608
12,1200,'5463',91609,91610,91611,91612,91613,91614,91615,91616,91617,91618,91619
12,1201,'4832',66922,66923,66924,66925,66926,82778,82779,82780,66930,82781,66932
12,1201,'5453',78888,78889,78890,78891,82782,82783,82784,82785,78896,82786,78898
12,1201,'5456',91620,91621,91622,91623,91624,91625,91626,91627,91628,91629,91630,91631,91632,91633,91634,91635,91636,91637,91638,91639,91640,91641,91642,91643,91644,91645,91646
12,1201,'5458',91647,91648,91649,91650,91651,91652,91653,91654,91655,91656,91657,91658,91659,91660,91661,91662,91663,91664,91665,91666,91667,91668,91669,91670,91671,91672,91673
12,1201,'5459',91674,91675,91676,91677,91678,91679,91680,91681,91682,91683,91684
12,1201,'5460',91685,91686,91687,91688,91689,91690,91691,91692,91693,91694,91695
12,1201,'5461',91696,91697,91698,91699,91700,91701,91702,91703,91704,91705,91706
12,1201,'5462',91707,91708,91709,91710,91711,91712,91713,91714,91715,91716,91717
12,1201,'5463',91718,91719,91720,91721,91722,91723,91724,91725,91726,91727,91728
14,1400,'4832',67214,67215,67216,67217,67218,67219,67220,67221,67222,67223,67224,67225,67226,67227,67228,67229,67230,67231,67232,67233,67234,67235,67236,67237,67238,67239,67240,67241,67242,82883,67244,67245,67246,82884,67248,67249,67250,67251,67252,67253,67254,67255,67256,67257,67258,82885,67260,82886,67262,67263,67264,82887,67266,67267,82888,67269,67270,67271
14,1400,'5453',78905,78906,78907,78908,78909,78910,78911,78912,78913,78914,78915,78916,78917,78918,78919,78920,78921,78922,78923,78924,78925,82889,78927,78928,78929,82890,78931,78932,78933,78934,78935,78936,78937,78938,78939,78940,78941,78942,78943,78944,78945,78946,78947,78948,78949,78950,78951,78952,78953,78954,78955,82891,82892,78958,82893,78960,78961,78962
14,1400,'5456',91729,91730,91731,91732,91733,91734,91735,91736,91737,91738,91739,91740,91741,91742,91743,91744,91745,91746,91747,91748,91749,91750,91751,91752,91753,91754,91755,91756,91757,91758,91759,91760,91761,91762,91763,91764,91765,91766,91767,91768,91769,91770,91771,91772,91773,91774,91775,91776,91777,91778,91779,91780,91781,91782,91783,91784,91785,91786,91787,91788,91789,91790,91791,91792,91793,91794,91795,91796,91797,91798,91799,91800,91801,91802,91803,91804,91805,91806,91807,91808,91809,91810,91811,91812
14,1400,'5458',91813,91814,91815,91816,91817,91818,91819,91820,91821,91822,91823,91824,91825,91826,91827,91828,91829,91830,91831,91832,91833,91834,91835,91836,91837,91838,91839,91840,91841,91842,91843,91844,91845,91846,91847,91848,91849,91850,91851,91852,91853,91854,91855,91856,91857,91858,91859,91860,91861,91862,91863,91864,91865,91866,91867,91868,91869,91870,91871,91872,91873,91874,91875,91876,91877,91878,91879,91880,91881,91882,91883,91884,91885,91886,91887,91888,91889,91890,91891,91892,91893,91894,91895,91896,91897,91898,91899,91900
14,1400,'5459',91901,91902,91903,91904,91905,91906,91907,91908,91909,91910,91911,91912,91913,91914,91915,91916,91917,91918,91919,91920,91921,91922,91923,91924,91925,91926,91927,91928,91929,91930,91931,91932,91933,91934,91935,91936,91937,91938,91939,91940,91941,91942,91943,91944,91945,91946,91947,91948,91949,91950,91951,91952,91953,91954,91955,91956,91957,91958,91959,91960,91961,91962,91963,91964,91965,91966,91967,91968
14,1400,'5460',91969,91970,91971,91972,91973,91974,91975,91976,91977,91978,91979,91980,91981,91982,91983,91984,91985,91986,91987,91988,91989,91990,91991,91992,91993,91994,91995,91996,91997,91998,91999,92000,92001,92002,92003,92004,92005,92006,92007,92008,92009,92010,92011,92012,92013,92014,92015,92016,92017,92018,92019,92020,92021,92022,92023,92024,92025,92026
14,1400,'5461',92027,92028,92029,92030,92031,92032,92033,92034,92035,92036,92037,92038,92039,92040,92041,92042,92043,92044,92045,92046,92047,92048,92049,92050,92051,92052,92053,92054,92055,92056,92057,92058,92059,92060,92061,92062,92063,92064,92065,92066,92067,92068,92069,92070,92071,92072,92073,92074,92075,92076,92077,92078,92079,92080,92081,92082,92083,92084
14,1400,'5462',92085,92086,92087,92088,92089,92090,92091,92092,92093,92094,92095,92096,92097,92098,92099,92100,92101,92102,92103,92104,92105,92106,92107,92108,92109,92110,92111,92112,92113,92114,92115,92116,92117,92118,92119,92120,92121,92122,92123,92124,92125,92126,92127,92128,92129,92130,92131,92132,92133,92134,92135,92136,92137,92138,92139,92140,92141,92142
14,1400,'5463',92143,92144,92145,92146,92147,92148,92149,92150,92151,92152,92153,92154,92155,92156,92157,92158,92159,92160,92161,92162,92163,92164,92165,92166,92167,92168,92169,92170,92171,92172,92173,92174,92175,92176,92177,92178,92179,92180,92181,92182,92183,92184,92185,92186,92187,92188,92189,92190,92191,92192,92193,92194,92195,92196,92197,92198,92199,92200
14,1401,'4832',67598,67599,67600,67601,67602,67603,67604,67605,67606,67607,67608,67609,67610,67611,67612,67613,67614,67615,67616,67617,67618,67619,67620,67621,67622,67623,67624,67625,67626,67627,67628,83023,83024,67631,67632,67633,67634,67635,67636,67637,67638,67639,67640,67641,83025,83026,83027,67645,67646,67647,67648,67649,67650,67651,67652,67653,83028,67655,83029,67657,67658
14,1401,'5453',78969,78970,78971,78972,78973,78974,78975,78976,78977,78978,78979,78980,78981,78982,78983,78984,78985,78986,78987,78988,78989,78990,83030,78992,78993,78994,78995,78996,78997,78998,78999,79000,79001,79002,79003,79004,79005,79006,79007,79008,79009,79010,79011,79012,83031,79014,79015,79016,79017,79018,79019,83032,79021,79022,79023,79024,83033,79026,83034,79028,79029
14,1401,'5456',92201,92202,92203,92204,92205,92206,92207,92208,92209,92210,92211,92212,92213,92214,92215,92216,92217,92218,92219,92220,92221,92222,92223,92224,92225,92226,92227,92228,92229,92230,92231,92232,92233,92234,92235,92236,92237,92238,92239,92240,92241,92242,92243,92244,92245,92246,92247,92248,92249,92250,92251,92252,92253,92254,92255,92256,92257,92258,92259,92260,92261,92262,92263,92264,92265,92266,92267,92268,92269,92270,92271,92272,92273,92274,92275,92276,92277,92278,92279,92280,92281,92282,92283,92284,92285,92286,92287,92288,92289,92290,92291
14,1401,'5458',92292,92293,92294,92295,92296,92297,92298,92299,92300,92301,92302,92303,92304,92305,92306,92307,92308,92309,92310,92311,92312,92313,92314,92315,92316,92317,92318,92319,92320,92321,92322,92323,92324,92325,92326,92327,92328,92329,92330,92331,92332,92333,92334,92335,92336,92337,92338,92339,92340,92341,92342,92343,92344,92345,92346,92347,92348,92349,92350,92351,92352,92353,92354,92355,92356,92357,92358,92359,92360,92361,92362,92363,92364,92365,92366,92367,92368,92369,92370,92371,92372,92373,92374,92375,92376,92377,92378,92379,92380,92381,92382,92383,92384
14,1401,'5459',92385,92386,92387,92388,92389,92390,92391,92392,92393,92394,92395,92396,92397,92398,92399,92400,92401,92402,92403,92404,92405,92406,92407,92408,92409,92410,92411,92412,92413,92414,92415,92416,92417,92418,92419,92420,92421,92422,92423,92424,92425,92426,92427,92428,92429,92430,92431,92432,92433,92434,92435,92436,92437,92438,92439,92440,92441,92442,92443,92444,92445,92446,92447,92448,92449,92450,92451
14,1401,'5460',92452,92453,92454,92455,92456,92457,92458,92459,92460,92461,92462,92463,92464,92465,92466,92467,92468,92469,92470,92471,92472,92473,92474,92475,92476,92477,92478,92479,92480,92481,92482,92483,92484,92485,92486,92487,92488,92489,92490,92491,92492,92493,92494,92495,92496,92497,92498,92499,92500,92501,92502,92503,92504,92505,92506,92507,92508,92509,92510,92511,92512
14,1401,'5461',92513,92514,92515,92516,92517,92518,92519,92520,92521,92522,92523,92524,92525,92526,92527,92528,92529,92530,92531,92532,92533,92534,92535,92536,92537,92538,92539,92540,92541,92542,92543,92544,92545,92546,92547,92548,92549,92550,92551,92552,92553,92554,92555,92556,92557,92558,92559,92560,92561,92562,92563,92564,92565,92566,92567,92568,92569,92570,92571,92572,92573
14,1401,'5462',92574,92575,92576,92577,92578,92579,92580,92581,92582,92583,92584,92585,92586,92587,92588,92589,92590,92591,92592,92593,92594,92595,92596,92597,92598,92599,92600,92601,92602,92603,92604,92605,92606,92607,92608,92609,92610,92611,92612,92613,92614,92615,92616,92617,92618,92619,92620,92621,92622,92623,92624,92625,92626,92627,92628,92629,92630,92631,92632,92633,92634
14,1401,'5463',92635,92636,92637,92638,92639,92640,92641,92642,92643,92644,92645,92646,92647,92648,92649,92650,92651,92652,92653,92654,92655,92656,92657,92658,92659,92660,92661,92662,92663,92664,92665,92666,92667,92668,92669,92670,92671,92672,92673,92674,92675,92676,92677,92678,92679,92680,92681,92682,92683,92684,92685,92686,92687,92688,92689,92690,92691,92692,92693,92694,92695
15,1500,'4832',67996,67997,83155,67999,68000,68001,83156,83157,68004,68005,68006,68007,83158,68009,68010,83159,68012,68013,68014,83160,83161,68017,68018,68019,68020,68021,68022,83162,83163,68025,68026,68027,68028,68029,68030,83164,68032,83165,68034,83166,83167,68037,68038,83168,83169,68041,83170,68043,68044,68045,68046,68047,83171,83172,83173,83174,68052
15,1500,'5453',83175,83176,83177,79053,83178,79055,83179,79057,79058,79059,79060,79061,79062,79063,79064,79065,79066,83180,83181,79069,83182,79071,79072,79073,79074,79075,79076,83183,79078,79079,79080,79081,79082,83184,79084,83185,79086,79087,83186,83187,79090,79091,79092,79093,79094,79095,83188,83189,79098,79099,83190,79101,83191,79103,83192,79105,79106
15,1500,'5456',92696,92697,92698,92699,92700,92701,92702,92703,92704,92705,92706,92707,92708,92709,92710,92711,92712,92713,92714,92715,92716,92717,92718,92719,92720,92721,92722,92723,92724,92725,92726,92727,92728,92729,92730,92731,92732,92733,92734,92735,92736,92737,92738,92739,92740,92741,92742,92743,92744,92745,92746,92747,92748,92749,92750,92751,92752,92753,92754,92755,92756,92757,92758,92759,92760,92761,92762,92763,92764,92765,92766,92767,92768
15,1500,'5458',92769,92770,92771,92772,92773,92774,92775,92776,92777,92778,92779,92780,92781,92782,92783,92784,92785,92786,92787,92788,92789,92790,92791,92792,92793,92794,92795,92796,92797,92798,92799,92800,92801,92802,92803,92804,92805,92806,92807,92808,92809,92810,92811,92812,92813,92814,92815,92816,92817,92818,92819,92820,92821,92822,92823,92824,92825,92826,92827,92828,92829,92830,92831,92832,92833,92834,92835,92836,92837,92838,92839,92840,92841,92842,92843,92844,92845
15,1500,'5459',92846,92847,92848,92849,92850,92851,92852,92853,92854,92855,92856,92857,92858,92859,92860,92861,92862,92863,92864,92865,92866,92867,92868,92869,92870,92871,92872,92873,92874,92875,92876,92877,92878,92879,92880,92881,92882,92883,92884,92885,92886,92887,92888,92889,92890,92891,92892,92893,92894,92895,92896,92897,92898,92899,92900,92901,92902,92903,92904,92905,92906,92907,92908,92909,92910,92911,92912,92913,92914
15,1500,'5460',92915,92916,92917,92918,92919,92920,92921,92922,92923,92924,92925,92926,92927,92928,92929,92930,92931,92932,92933,92934,92935,92936,92937,92938,92939,92940,92941,92942,92943,92944,92945,92946,92947,92948,92949,92950,92951,92952,92953,92954,92955,92956,92957,92958,92959,92960,92961,92962,92963,92964,92965,92966,92967,92968,92969,92970,92971
15,1500,'5461',92972,92973,92974,92975,92976,92977,92978,92979,92980,92981,92982,92983,92984,92985,92986,92987,92988,92989,92990,92991,92992,92993,92994,92995,92996,92997,92998,92999,93000,93001,93002,93003,93004,93005,93006,93007,93008,93009,93010,93011,93012,93013,93014,93015,93016,93017,93018,93019,93020,93021,93022,93023,93024,93025,93026,93027,93028
15,1500,'5462',93029,93030,93031,93032,93033,93034,93035,93036,93037,93038,93039,93040,93041,93042,93043,93044,93045,93046,93047,93048,93049,93050,93051,93052,93053,93054,93055,93056,93057,93058,93059,93060,93061,93062,93063,93064,93065,93066,93067,93068,93069,93070,93071,93072,93073,93074,93075,93076,93077,93078,93079,93080,93081,93082,93083,93084,93085
15,1500,'5463',93086,93087,93088,93089,93090,93091,93092,93093,93094,93095,93096,93097,93098,93099,93100,93101,93102,93103,93104,93105,93106,93107,93108,93109,93110,93111,93112,93113,93114,93115,93116,93117,93118,93119,93120,93121,93122,93123,93124,93125,93126,93127,93128,93129,93130,93131,93132,93133,93134,93135,93136,93137,93138,93139,93140,93141,93142
15,1501,'4832',83319,68385,83320,68387,83321,68389,68390,68391,68392,68393,68394,68395,68396,83322,83323,83324,83325,83326,68402,68403,83327,68405,68406,83328,68408,68409,68410,68411,68412,68413,68414,68415,83329,83330,68418,68419,68420,83331,68422,68423,68424,68425,68426,68427,83332,68429,68430,68431,68432,83333,83334,68435,68436,68437,68438,83335,68440,68441,68442,68443
15,1501,'5453',83336,83337,79127,79128,79129,79130,83338,79132,79133,79134,79135,79136,79137,79138,79139,83339,83340,83341,83342,83343,79145,79146,79147,83344,79149,79150,79151,79152,83345,79154,79155,79156,83346,79158,83347,79160,79161,79162,79163,79164,79165,79166,83348,79168,83349,79170,79171,79172,83350,79174,79175,79176,79177,83351,83352,83353,83354,79182,83355,79184
15,1501,'5456',93143,93144,93145,93146,93147,93148,93149,93150,93151,93152,93153,93154,93155,93156,93157,93158,93159,93160,93161,93162,93163,93164,93165,93166,93167,93168,93169,93170,93171,93172,93173,93174,93175,93176,93177,93178,93179,93180,93181,93182,93183,93184,93185,93186,93187,93188,93189,93190,93191,93192,93193,93194,93195,93196,93197,93198,93199,93200,93201,93202,93203,93204,93205,93206,93207,93208,93209,93210,93211,93212,93213,93214,93215
15,1501,'5458',93216,93217,93218,93219,93220,93221,93222,93223,93224,93225,93226,93227,93228,93229,93230,93231,93232,93233,93234,93235,93236,93237,93238,93239,93240,93241,93242,93243,93244,93245,93246,93247,93248,93249,93250,93251,93252,93253,93254,93255,93256,93257,93258,93259,93260,93261,93262,93263,93264,93265,93266,93267,93268,93269,93270,93271,93272,93273,93274,93275,93276,93277,93278,93279,93280,93281,93282,93283,93284,93285,93286,93287,93288,93289,93290,93291,93292
15,1501,'5459',93293,93294,93295,93296,93297,93298,93299,93300,93301,93302,93303,93304,93305,93306,93307,93308,93309,93310,93311,93312,93313,93314,93315,93316,93317,93318,93319,93320,93321,93322,93323,93324,93325,93326,93327,93328,93329,93330,93331,93332,93333,93334,93335,93336,93337,93338,93339,93340,93341,93342,93343,93344,93345,93346,93347,93348,93349,93350,93351,93352,93353,93354,93355,93356,93357,93358,93359,93360
15,1501,'5460',93361,93362,93363,93364,93365,93366,93367,93368,93369,93370,93371,93372,93373,93374,93375,93376,93377,93378,93379,93380,93381,93382,93383,93384,93385,93386,93387,93388,93389,93390,93391,93392,93393,93394,93395,93396,93397,93398,93399,93400,93401,93402,93403,93404,93405,93406,93407,93408,93409,93410,93411,93412,93413,93414,93415,93416,93417,93418,93419,93420
15,1501,'5461',93421,93422,93423,93424,93425,93426,93427,93428,93429,93430,93431,93432,93433,93434,93435,93436,93437,93438,93439,93440,93441,93442,93443,93444,93445,93446,93447,93448,93449,93450,93451,93452,93453,93454,93455,93456,93457,93458,93459,93460,93461,93462,93463,93464,93465,93466,93467,93468,93469,93470,93471,93472,93473,93474,93475,93476,93477,93478,93479,93480
15,1501,'5462',93481,93482,93483,93484,93485,93486,93487,93488,93489,93490,93491,93492,93493,93494,93495,93496,93497,93498,93499,93500,93501,93502,93503,93504,93505,93506,93507,93508,93509,93510,93511,93512,93513,93514,93515,93516,93517,93518,93519,93520,93521,93522,93523,93524,93525,93526,93527,93528,93529,93530,93531,93532,93533,93534,93535,93536,93537,93538,93539,93540
15,1501,'5463',93541,93542,93543,93544,93545,93546,93547,93548,93549,93550,93551,93552,93553,93554,93555,93556,93557,93558,93559,93560,93561,93562,93563,93564,93565,93566,93567,93568,93569,93570,93571,93572,93573,93574,93575,93576,93577,93578,93579,93580,93581,93582,93583,93584,93585,93586,93587,93588,93589,93590,93591,93592,93593,93594,93595,93596,93597,93598,93599,93600
17,1700,'5456',93601
17,1700,'5458',93602
17,1701,'5456',93603
17,1701,'5458',93604
21,2100,'4832',68630,83426,68632,68633,68634,68635,68636,68637,83427,68639,68640,68641,68642,68643,83428,68645,68646,68647,68648,68649,68650,68651,83429,68653,83430
21,2100,'5453',79193,79194,83431,79196,79197,79198,79199,79200,83432,79202,79203,79204,79205,83433,83434,83435,79209,79210,79211,79212,83436,79214,83437,79216,79217
21,2100,'5456',93605,93606,93607,93608,93609,93610,93611,93612,93613,93614,93615,93616,93617,93618,93619,93620,93621,93622,93623,93624,93625,93626,93627,93628,93629,93630,93631,93632,93633,93634,93635,93636,93637,93638,93639,93640,93641,93642,93643,93644,93645,93646,93647,93648,93649,93650,93651
21,2100,'5458',93652,93653,93654,93655,93656,93657,93658,93659,93660,93661,93662,93663,93664,93665,93666,93667,93668,93669,93670,93671,93672,93673,93674,93675,93676,93677,93678,93679,93680,93681,93682,93683,93684,93685,93686,93687,93688,93689,93690,93691,93692,93693,93694,93695,93696,93697,93698
21,2100,'5459',93699,93700,93701,93702,93703,93704,93705,93706,93707,93708,93709,93710,93711,93712,93713,93714,93715,93716,93717,93718,93719,93720,93721,93722,93723,93724,93725
21,2100,'5460',93726,93727,93728,93729,93730,93731,93732,93733,93734,93735,93736,93737,93738,93739,93740,93741,93742,93743,93744,93745,93746,93747,93748,93749,93750
21,2100,'5461',93751,93752,93753,93754,93755,93756,93757,93758,93759,93760,93761,93762,93763,93764,93765,93766,93767,93768,93769,93770,93771,93772,93773,93774,93775
21,2100,'5462',93776,93777,93778,93779,93780,93781,93782,93783,93784,93785,93786,93787,93788,93789,93790,93791,93792,93793,93794,93795,93796,93797,93798,93799,93800
21,2100,'5463',93801,93802,93803,93804,93805,93806,93807,93808,93809,93810,93811,93812,93813,93814,93815,93816,93817,93818,93819,93820,93821,93822,93823,93824,93825
21,2101,'4832',68832,68833,68834,68835,68836,68837,83464,83465,83466,68841,68842,68843,68844,68845,68846,68847,68848,83467,68850,83468,68852,68853,68854,68855,68856,68857,68858,68859,68860
21,2101,'5453',79224,79225,79226,79227,79228,79229,83469,83470,83471,79233,79234,79235,79236,79237,79238,83472,79240,79241,79242,83473,79244,79245,79246,79247,79248,79249,79250,79251,79252
21,2101,'5456',93826,93827,93828,93829,93830,93831,93832,93833,93834,93835,93836,93837,93838,93839,93840,93841,93842,93843,93844,93845,93846,93847,93848,93849,93850,93851,93852,93853,93854,93855,93856,93857,93858,93859,93860,93861,93862,93863,93864,93865,93866,93867,93868,93869,93870,93871,93872,93873,93874,93875
21,2101,'5458',93876,93877,93878,93879,93880,93881,93882,93883,93884,93885,93886,93887,93888,93889,93890,93891,93892,93893,93894,93895,93896,93897,93898,93899,93900,93901,93902,93903,93904,93905,93906,93907,93908,93909,93910,93911,93912,93913,93914,93915,93916,93917,93918,93919,93920,93921,93922,93923,93924,93925
21,2101,'5459',93926,93927,93928,93929,93930,93931,93932,93933,93934,93935,93936,93937,93938,93939,93940,93941,93942,93943,93944,93945,93946,93947,93948,93949,93950,93951,93952,93953,93954,93955,93956,93957,93958,93959
21,2101,'5460',93960,93961,93962,93963,93964,93965,93966,93967,93968,93969,93970,93971,93972,93973,93974,93975,93976,93977,93978,93979,93980,93981,93982,93983,93984,93985,93986,93987,93988
21,2101,'5461',93989,93990,93991,93992,93993,93994,93995,93996,93997,93998,93999,94000,94001,94002,94003,94004,94005,94006,94007,94008,94009,94010,94011,94012,94013,94014,94015,94016,94017
21,2101,'5462',94018,94019,94020,94021,94022,94023,94024,94025,94026,94027,94028,94029,94030,94031,94032,94033,94034,94035,94036,94037,94038,94039,94040,94041,94042,94043,94044,94045,94046
21,2101,'5463',94047,94048,94049,94050,94051,94052,94053,94054,94055,94056,94057,94058,94059,94060,94061,94062,94063,94064,94065,94066,94067,94068,94069,94070,94071,94072,94073,94074,94075
22,2200,'4832',69004,69005,69006,69007,69008,69009,69010,69011,69012,69013,69014,69015,69016,69017,69018,69019,69020,69021,69022,69023,69024,69025,69026,69027
22,2200,'5453',79253,79254,79255,83518,79257,83519,79259,83520,79261,79262,83521,79264,79265,79266,79267,79268,79269,79270,79271,79272,79273,79274,79275,83522
22,2200,'5456',94076,94077,94078,94079,94080,94081,94082,94083,94084,94085,94086,94087,94088,94089,94090,94091,94092,94093,94094,94095,94096,94097,94098,94099,94100,94101,94102,94103,94104
22,2200,'5458',94105,94106,94107,94108,94109,94110,94111,94112,94113,94114,94115,94116,94117,94118,94119,94120,94121,94122,94123,94124,94125,94126,94127,94128,94129,94130,94131,94132,94133
22,2200,'5459',94134,94135,94136,94137,94138,94139,94140,94141,94142,94143,94144,94145,94146,94147,94148,94149,94150,94151,94152,94153,94154,94155,94156,94157,94158,94159,94160,94161,94162,94163
22,2200,'5460',94164,94165,94166,94167,94168,94169,94170,94171,94172,94173,94174,94175,94176,94177,94178,94179,94180,94181,94182,94183,94184,94185,94186,94187
22,2200,'5461',94188,94189,94190,94191,94192,94193,94194,94195,94196,94197,94198,94199,94200,94201,94202,94203,94204,94205,94206,94207,94208,94209,94210,94211
22,2200,'5462',94212,94213,94214,94215,94216,94217,94218,94219,94220,94221,94222,94223,94224,94225,94226,94227,94228,94229,94230,94231,94232,94233,94234,94235
22,2200,'5463',94236,94237,94238,94239,94240,94241,94242,94243,94244,94245,94246,94247,94248,94249,94250,94251,94252,94253,94254,94255,94256,94257,94258,94259
22,2201,'4832',69158,69159,69160,69161,69162,69163,69164,69165,69166,69167,69168,69169,69170,69171,69172,69173,69174,69175,69176,69177,69178,69179,69180,69181,69182
22,2201,'5453',79277,79278,79279,83579,79281,79282,79283,79284,79285,83580,83581,79288,79289,79290,79291,79292,79293,79294,79295,79296,79297,79298,83582,79300,79301
22,2201,'5456',94260,94261,94262,94263,94264,94265,94266,94267,94268,94269,94270,94271,94272,94273,94274,94275,94276,94277,94278,94279,94280,94281,94282,94283
22,2201,'5458',94284,94285,94286,94287,94288,94289,94290,94291,94292,94293,94294,94295,94296,94297,94298,94299,94300,94301,94302,94303,94304,94305,94306,94307
22,2201,'5459',94308,94309,94310,94311,94312,94313,94314,94315,94316,94317,94318,94319,94320,94321,94322,94323,94324,94325,94326,94327,94328,94329,94330,94331,94332,94333,94334,94335,94336
22,2201,'5460',94337,94338,94339,94340,94341,94342,94343,94344,94345,94346,94347,94348,94349,94350,94351,94352,94353,94354,94355,94356,94357,94358,94359,94360,94361
22,2201,'5461',94362,94363,94364,94365,94366,94367,94368,94369,94370,94371,94372,94373,94374,94375,94376,94377,94378,94379,94380,94381,94382,94383,94384,94385,94386
22,2201,'5462',94387,94388,94389,94390,94391,94392,94393,94394,94395,94396,94397,94398,94399,94400,94401,94402,94403,94404,94405,94406,94407,94408,94409,94410,94411
22,2201,'5463',94412,94413,94414,94415,94416,94417,94418,94419,94420,94421,94422,94423,94424,94425,94426,94427,94428,94429,94430,94431,94432,94433,94434,94435,94436
24,2400,'4832',83621,83622,83623,83624,83625,83626,83627,83628,83629,83630,83631,83632
24,2400,'5453',79376,83633,83634,83635,83636,83637,83638,83639,83640,83641,83642,83643
24,2400,'5456',94437,94438,94439,94440,94441,94442,94443,94444,94445,94446,94447,94448,94449,94450,94451,94452,94453,94454,94455
24,2400,'5458',94456,94457,94458,94459,94460,94461,94462,94463,94464,94465,94466,94467,94468,94469,94470,94471,94472,94473,94474
24,2400,'5459',94475,94476,94477,94478,94479,94480,94481,94482,94483,94484,94485,94486,94487,94488,94489
24,2400,'5460',94490,94491,94492,94493,94494,94495,94496,94497,94498,94499,94500,94501
24,2400,'5461',94502,94503,94504,94505,94506,94507,94508,94509,94510,94511,94512,94513
24,2400,'5462',94514,94515,94516,94517,94518,94519,94520,94521,94522,94523,94524,94525
24,2400,'5463',94526,94527,94528,94529,94530,94531,94532,94533,94534,94535,94536,94537
24,2401,'4832',83680,83681,83682,83683,83684,83685,83686,83687,83688,83689,83690
24,2401,'5453',83691,83692,83693,83694,83695,83696,83697,83698,83699,83700,83701
24,2401,'5456',94538,94539,94540,94541,94542,94543,94544,94545,94546,94547,94548,94549,94550,94551,94552,94553,94554,94555,94556,94557,94558
24,2401,'5458',94559,94560,94561,94562,94563,94564,94565,94566,94567,94568,94569,94570,94571,94572,94573,94574,94575,94576,94577,94578,94579
24,2401,'5459',94580,94581,94582,94583,94584,94585,94586,94587,94588,94589,94590,94591,94592,94593,94594,94595
24,2401,'5460',94596,94597,94598,94599,94600,94601,94602,94603,94604,94605,94606
24,2401,'5461',94607,94608,94609,94610,94611,94612,94613,94614,94615,94616,94617
24,2401,'5462',94618,94619,94620,94621,94622,94623,94624,94625,94626,94627,94628
24,2401,'5463',94629,94630,94631,94632,94633,94634,94635,94636,94637,94638,94639
25,2500,'4832',83734,83735,83736,83737,83738,83739,83740,83741,83742,83743,83744
25,2500,'5453',83745,83746,79543,83747,83748,83749,83750,83751,83752,83753,83754
25,2500,'5456',94640,94641,94642,94643,94644,94645,94646,94647,94648,94649,94650,94651,94652,94653,94654,94655,94656,94657,94658,94659
25,2500,'5458',94660,94661,94662,94663,94664,94665,94666,94667,94668,94669,94670,94671,94672,94673,94674,94675,94676,94677,94678,94679
25,2500,'5459',94680,94681,94682,94683,94684,94685,94686,94687,94688,94689,94690,94691,94692,94693,94694
25,2500,'5460',94695,94696,94697,94698,94699,94700,94701,94702,94703,94704,94705
25,2500,'5461',94706,94707,94708,94709,94710,94711,94712,94713,94714,94715,94716
25,2500,'5462',94717,94718,94719,94720,94721,94722,94723,94724,94725,94726,94727
25,2500,'5463',94728,94729,94730,94731,94732,94733,94734,94735,94736,94737,94738
25,2501,'4832',83784,83785,83786,83787,83788,83789,83790,83791,83792,83793,83794
25,2501,'5453',83795,83796,83797,83798,83799,83800,83801,83802,83803,83804,83805
25,2501,'5456',94739,94740,94741,94742,94743,94744,94745,94746,94747,94748,94749,94750,94751,94752,94753,94754,94755,94756,94757
25,2501,'5458',94758,94759,94760,94761,94762,94763,94764,94765,94766,94767,94768,94769,94770,94771,94772,94773,94774,94775,94776
25,2501,'5459',94777,94778,94779,94780,94781,94782,94783,94784,94785,94786,94787,94788,94789,94790,94791
25,2501,'5460',94792,94793,94794,94795,94796,94797,94798,94799,94800,94801,94802
25,2501,'5461',94803,94804,94805,94806,94807,94808,94809,94810,94811,94812,94813
25,2501,'5462',94814,94815,94816,94817,94818,94819,94820,94821,94822,94823,94824
25,2501,'5463',94825,94826,94827,94828,94829,94830,94831,94832,94833,94834,94835
26,2600,'4832',69828,69829,69830,69831,83855,69833,69834,83856,69836,69837,69838,83857,83858,69841,69842,69843,69844,69845,69846,69847,83859,83860,69850,69851,69852,69853,69854,69855,69856,83861,69858,69859,69860,69861,69862,83862,83863,69865,83864,83865,69868,83866,69870,69871,83867,69873,69874,69875,69876
26,2600,'5453',83868,83869,79657,83870,83871,83872,79661,79662,79663,83873,79665,79666,79667,83874,83875,83876,79671,83877,79673,79674,83878,83879,79677,79678,79679,79680,83880,83881,83882,79684,83883,79686,79687,79688,79689,79690,79691,79692,79693,83884,79695,83885,79697,79698,83886,83887,83888,79702,79703
26,2600,'5456',94836,94837,94838,94839,94840,94841,94842,94843,94844,94845,94846,94847,94848,94849,94850,94851,94852,94853,94854,94855,94856,94857,94858,94859,94860,94861,94862,94863,94864,94865,94866,94867,94868,94869,94870,94871,94872,94873,94874,94875,94876,94877,94878,94879,94880,94881,94882,94883,94884,94885,94886,94887,94888,94889,94890,94891,94892,94893,94894,94895,94896,94897,94898,94899,94900,94901,94902,94903,94904,94905,94906,94907,94908,94909,94910,94911,94912,94913,94914,94915,94916,94917
26,2600,'5458',94918,94919,94920,94921,94922,94923,94924,94925,94926,94927,94928,94929,94930,94931,94932,94933,94934,94935,94936,94937,94938,94939,94940,94941,94942,94943,94944,94945,94946,94947,94948,94949,94950,94951,94952,94953,94954,94955,94956,94957,94958,94959,94960,94961,94962,94963,94964,94965,94966,94967,94968,94969,94970,94971,94972,94973,94974,94975,94976,94977,94978,94979,94980,94981,94982,94983,94984,94985,94986,94987,94988,94989,94990,94991,94992,94993,94994,94995,94996,94997,94998,94999,95000
26,2600,'5459',95001,95002,95003,95004,95005,95006,95007,95008,95009,95010,95011,95012,95013,95014,95015,95016,95017,95018,95019,95020,95021,95022,95023,95024,95025,95026,95027,95028,95029,95030,95031,95032,95033,95034,95035,95036,95037,95038,95039,95040,95041,95042,95043,95044,95045,95046,95047,95048,95049,95050,95051,95052,95053,95054,95055,95056,95057,95058
26,2600,'5460',95059,95060,95061,95062,95063,95064,95065,95066,95067,95068,95069,95070,95071,95072,95073,95074,95075,95076,95077,95078,95079,95080,95081,95082,95083,95084,95085,95086,95087,95088,95089,95090,95091,95092,95093,95094,95095,95096,95097,95098,95099,95100,95101,95102,95103,95104,95105,95106,95107,95108
26,2600,'5461',95109,95110,95111,95112,95113,95114,95115,95116,95117,95118,95119,95120,95121,95122,95123,95124,95125,95126,95127,95128,95129,95130,95131,95132,95133,95134,95135,95136,95137,95138,95139,95140,95141,95142,95143,95144,95145,95146,95147,95148,95149,95150,95151,95152,95153,95154,95155,95156,95157,95158
26,2600,'5462',95159,95160,95161,95162,95163,95164,95165,95166,95167,95168,95169,95170,95171,95172,95173,95174,95175,95176,95177,95178,95179,95180,95181,95182,95183,95184,95185,95186,95187,95188,95189,95190,95191,95192,95193,95194,95195,95196,95197,95198,95199,95200,95201,95202,95203,95204,95205,95206,95207,95208
26,2600,'5463',95209,95210,95211,95212,95213,95214,95215,95216,95217,95218,95219,95220,95221,95222,95223,95224,95225,95226,95227,95228,95229,95230,95231,95232,95233,95234,95235,95236,95237,95238,95239,95240,95241,95242,95243,95244,95245,95246,95247,95248,95249,95250,95251,95252,95253,95254,95255,95256,95257,95258
26,2601,'4832',70180,83944,70182,70183,70184,70185,83945,70187,83946,83947,70190,70191,70192,70193,70194,83948,70196,70197,70198,70199,70200,70201,83949,70203,70204,70205,70206,70207,70208,70209,83950,83951,83952,70213,83953,70215,83954,83955,70218,70219,70220,83956,70222,70223,70224,83957,70226,70227,70228,70229,70230
26,2601,'5453',83958,83959,83960,79727,83961,83962,79730,79731,83963,79733,79734,83964,83965,79737,83966,79739,83967,83968,83969,79743,79744,83970,83971,79747,79748,79749,79750,79751,83972,83973,83974,79755,79756,79757,79758,79759,79760,83975,79762,83976,79764,79765,79766,79767,83977,83978,79770,79771,79772,79773,83979
26,2601,'5456',95259,95260,95261,95262,95263,95264,95265,95266,95267,95268,95269,95270,95271,95272,95273,95274,95275,95276,95277,95278,95279,95280,95281,95282,95283,95284,95285,95286,95287,95288,95289,95290,95291,95292,95293,95294,95295,95296,95297,95298,95299,95300,95301,95302,95303,95304,95305,95306,95307,95308,95309,95310,95311,95312,95313,95314,95315,95316,95317,95318,95319,95320,95321,95322,95323,95324,95325
26,2601,'5458',95326,95327,95328,95329,95330,95331,95332,95333,95334,95335,95336,95337,95338,95339,95340,95341,95342,95343,95344,95345,95346,95347,95348,95349,95350,95351,95352,95353,95354,95355,95356,95357,95358,95359,95360,95361,95362,95363,95364,95365,95366,95367,95368,95369,95370,95371,95372,95373,95374,95375,95376,95377,95378,95379,95380,95381,95382,95383,95384,95385,95386,95387,95388,95389,95390,95391,95392,95393
26,2601,'5459',95394,95395,95396,95397,95398,95399,95400,95401,95402,95403,95404,95405,95406,95407,95408,95409,95410,95411,95412,95413,95414,95415,95416,95417,95418,95419,95420,95421,95422,95423,95424,95425,95426,95427,95428,95429,95430,95431,95432,95433,95434,95435,95436,95437,95438,95439,95440,95441,95442,95443,95444,95445,95446,95447,95448,95449,95450,95451,95452
26,2601,'5460',95453,95454,95455,95456,95457,95458,95459,95460,95461,95462,95463,95464,95465,95466,95467,95468,95469,95470,95471,95472,95473,95474,95475,95476,95477,95478,95479,95480,95481,95482,95483,95484,95485,95486,95487,95488,95489,95490,95491,95492,95493,95494,95495,95496,95497,95498,95499,95500,95501,95502,95503
26,2601,'5461',95504,95505,95506,95507,95508,95509,95510,95511,95512,95513,95514,95515,95516,95517,95518,95519,95520,95521,95522,95523,95524,95525,95526,95527,95528,95529,95530,95531,95532,95533,95534,95535,95536,95537,95538,95539,95540,95541,95542,95543,95544,95545,95546,95547,95548,95549,95550,95551,95552,95553,95554
26,2601,'5462',95555,95556,95557,95558,95559,95560,95561,95562,95563,95564,95565,95566,95567,95568,95569,95570,95571,95572,95573,95574,95575,95576,95577,95578,95579,95580,95581,95582,95583,95584,95585,95586,95587,95588,95589,95590,95591,95592,95593,95594,95595,95596,95597,95598,95599,95600,95601,95602,95603,95604,95605
26,2601,'5463',95606,95607,95608,95609,95610,95611,95612,95613,95614,95615,95616,95617,95618,95619,95620,95621,95622,95623,95624,95625,95626,95627,95628,95629,95630,95631,95632,95633,95634,95635,95636,95637,95638,95639,95640,95641,95642,95643,95644,95645,95646,95647,95648,95649,95650,95651,95652,95653,95654,95655,95656
27,2700,'4832',79781,70480,70481,84005,70483,84006,70485,70486,84007,70488,70489,70490,70491,70492,70493,70494,70495,70496,70497,70498,70499,70500,70501,70502,70503,70504,70505,84008,70507,70508,70509,84009,70511,79784,84010,70514,84011,70516,84012
27,2700,'5453',84013,79795,79796,79797,79798,84014,84015,79801,84016,79803,79804,79805,79806,84017,79808,79809,79810,84018,79812,79813,79814,84019,79816,79817,79818,84020,79820,84021,79822,84022,79824,79825,84023,79827,84024,84025,84026,84027,84028
27,2700,'5456',95657,95658,95659,95660,95661,95662,95663,95664,95665,95666,95667,95668,95669,95670,95671,95672,95673,95674,95675,95676,95677,95678,95679,95680,95681,95682,95683,95684,95685,95686,95687,95688,95689,95690,95691,95692,95693,95694,95695,95696,95697,95698,95699,95700,95701,95702,95703,95704,95705,95706,95707
27,2700,'5458',95708,95709,95710,95711,95712,95713,95714,95715,95716,95717,95718,95719,95720,95721,95722,95723,95724,95725,95726,95727,95728,95729,95730,95731,95732,95733,95734,95735,95736,95737,95738,95739,95740,95741,95742,95743,95744,95745,95746,95747,95748,95749,95750,95751,95752,95753,95754,95755,95756,95757,95758,95759,95760,95761,95762
27,2700,'5459',95763,95764,95765,95766,95767,95768,95769,95770,95771,95772,95773,95774,95775,95776,95777,95778,95779,95780,95781,95782,95783,95784,95785,95786,95787,95788,95789,95790,95791,95792,95793,95794,95795,95796,95797,95798,95799,95800,95801,95802,95803,95804,95805,95806,95807,95808,95809,95810,95811,95812
27,2700,'5460',95813,95814,95815,95816,95817,95818,95819,95820,95821,95822,95823,95824,95825,95826,95827,95828,95829,95830,95831,95832,95833,95834,95835,95836,95837,95838,95839,95840,95841,95842,95843,95844,95845,95846,95847,95848,95849,95850,95851
27,2700,'5461',95852,95853,95854,95855,95856,95857,95858,95859,95860,95861,95862,95863,95864,95865,95866,95867,95868,95869,95870,95871,95872,95873,95874,95875,95876,95877,95878,95879,95880,95881,95882,95883,95884,95885,95886,95887,95888,95889,95890
27,2700,'5462',95891,95892,95893,95894,95895,95896,95897,95898,95899,95900,95901,95902,95903,95904,95905,95906,95907,95908,95909,95910,95911,95912,95913,95914,95915,95916,95917,95918,95919,95920,95921,95922,95923,95924,95925,95926,95927,95928,95929
27,2700,'5463',95930,95931,95932,95933,95934,95935,95936,95937,95938,95939,95940,95941,95942,95943,95944,95945,95946,95947,95948,95949,95950,95951,95952,95953,95954,95955,95956,95957,95958,95959,95960,95961,95962,95963,95964,95965,95966,95967,95968
27,2701,'4832',70766,79840,70768,84049,70770,84050,70772,70773,84051,70775,70776,70777,70778,70779,70780,70781,70782,70783,70784,70785,70786,70787,70788,70789,70790,70791,70792,84052,70794,70795,70796,84053,70798,79843,84054,70801,84055,70803,84056
27,2701,'5453',79854,84057,79856,79857,79858,84058,84059,79861,84060,79863,79864,79865,79866,84061,79868,79869,79870,84062,79872,79873,79874,84063,79876,79877,79878,84064,79880,84065,79882,84066,79884,79885,84067,79887,84068,84069,84070,84071,84072
27,2701,'5456',95969,95970,95971,95972,95973,95974,95975,95976,95977,95978,95979,95980,95981,95982,95983,95984,95985,95986,95987,95988,95989,95990,95991,95992,95993,95994,95995,95996,95997,95998,95999,96000,96001,96002,96003,96004,96005,96006,96007,96008,96009,96010,96011,96012,96013,96014,96015,96016,96017,96018,96019,96020,96021,96022,96023,96024,96025
27,2701,'5458',96026,96027,96028,96029,96030,96031,96032,96033,96034,96035,96036,96037,96038,96039,96040,96041,96042,96043,96044,96045,96046,96047,96048,96049,96050,96051,96052,96053,96054,96055,96056,96057,96058,96059,96060,96061,96062,96063,96064,96065,96066,96067,96068,96069,96070,96071,96072,96073,96074,96075,96076,96077,96078,96079,96080,96081,96082,96083,96084,96085,96086
27,2701,'5459',96087,96088,96089,96090,96091,96092,96093,96094,96095,96096,96097,96098,96099,96100,96101,96102,96103,96104,96105,96106,96107,96108,96109,96110,96111,96112,96113,96114,96115,96116,96117,96118,96119,96120,96121,96122,96123,96124,96125,96126,96127,96128,96129,96130,96131,96132,96133,96134,96135,96136
27,2701,'5460',96137,96138,96139,96140,96141,96142,96143,96144,96145,96146,96147,96148,96149,96150,96151,96152,96153,96154,96155,96156,96157,96158,96159,96160,96161,96162,96163,96164,96165,96166,96167,96168,96169,96170,96171,96172,96173,96174,96175
27,2701,'5461',96176,96177,96178,96179,96180,96181,96182,96183,96184,96185,96186,96187,96188,96189,96190,96191,96192,96193,96194,96195,96196,96197,96198,96199,96200,96201,96202,96203,96204,96205,96206,96207,96208,96209,96210,96211,96212,96213,96214
27,2701,'5462',96215,96216,96217,96218,96219,96220,96221,96222,96223,96224,96225,96226,96227,96228,96229,96230,96231,96232,96233,96234,96235,96236,96237,96238,96239,96240,96241,96242,96243,96244,96245,96246,96247,96248,96249,96250,96251,96252,96253
27,2701,'5463',96254,96255,96256,96257,96258,96259,96260,96261,96262,96263,96264,96265,96266,96267,96268,96269,96270,96271,96272,96273,96274,96275,96276,96277,96278,96279,96280,96281,96282,96283,96284,96285,96286,96287,96288,96289,96290,96291,96292
28,2800,'4832',79899,84101,71037,84102,79901,71040,84103,71042,71043,84104,71045,71046,84105,84106,71049,71050,71051,84107,79903,71054,71055,84108,79904,71058,84109,84110,79905,71062,84111,84112,71065,84113,84114,71068,84115,84116,79906,84117,79907
28,2800,'5453',84118,79918,79919,84119,84120,79922,79923,79924,79925,79926,79927,79928,84121,79930,79931,79932,79933,79934,79935,79936,79937,84122,79939,79940,79941,84123,79943,79944,79945,84124,79947,84125,84126,84127,84128,84129,79953,84130,84131
28,2800,'5456',96293,96294,96295,96296,96297,96298,96299,96300,96301,96302,96303,96304,96305,96306,96307,96308,96309,96310,96311,96312,96313,96314,96315,96316,96317,96318,96319,96320,96321,96322,96323,96324,96325,96326,96327,96328,96329,96330,96331,96332,96333,96334,96335,96336,96337,96338,96339,96340
28,2800,'5458',96341,96342,96343,96344,96345,96346,96347,96348,96349,96350,96351,96352,96353,96354,96355,96356,96357,96358,96359,96360,96361,96362,96363,96364,96365,96366,96367,96368,96369,96370,96371,96372,96373,96374,96375,96376,96377,96378,96379,96380,96381,96382,96383,96384,96385,96386,96387,96388,96389,96390,96391
28,2800,'5459',96392,96393,96394,96395,96396,96397,96398,96399,96400,96401,96402,96403,96404,96405,96406,96407,96408,96409,96410,96411,96412,96413,96414,96415,96416,96417,96418,96419,96420,96421,96422,96423,96424,96425,96426,96427,96428,96429,96430,96431,96432,96433,96434,96435,96436,96437,96438,96439,96440
28,2800,'5460',96441,96442,96443,96444,96445,96446,96447,96448,96449,96450,96451,96452,96453,96454,96455,96456,96457,96458,96459,96460,96461,96462,96463,96464,96465,96466,96467,96468,96469,96470,96471,96472,96473,96474,96475,96476,96477,96478,96479,96480
28,2800,'5461',96481,96482,96483,96484,96485,96486,96487,96488,96489,96490,96491,96492,96493,96494,96495,96496,96497,96498,96499,96500,96501,96502,96503,96504,96505,96506,96507,96508,96509,96510,96511,96512,96513,96514,96515,96516,96517,96518,96519,96520
28,2800,'5462',96521,96522,96523,96524,96525,96526,96527,96528,96529,96530,96531,96532,96533,96534,96535,96536,96537,96538,96539,96540,96541,96542,96543,96544,96545,96546,96547,96548,96549,96550,96551,96552,96553,96554,96555,96556,96557,96558,96559,96560
28,2800,'5463',96561,96562,96563,96564,96565,96566,96567,96568,96569,96570,96571,96572,96573,96574,96575,96576,96577,96578,96579,96580,96581,96582,96583,96584,96585,96586,96587,96588,96589,96590,96591,96592,96593,96594,96595,96596,96597,96598,96599,96600
28,2801,'4832',79962,79963,84163,71307,84164,71309,84165,71311,71312,84166,71314,71315,84167,84168,71318,71319,71320,84169,79966,71323,71324,84170,79967,71327,84171,84172,79968,71331,84173,84174,71334,84175,84176,71337,84177,84178,79969,84179,79970
28,2801,'5453',84180,84181,79982,79983,84182,79985,79986,79987,79988,79989,79990,79991,84183,79993,79994,79995,79996,79997,79998,79999,80000,84184,80002,80003,80004,84185,80006,80007,80008,84186,80010,84187,84188,84189,84190,84191,80016,84192,84193
28,2801,'5456',96601,96602,96603,96604,96605,96606,96607,96608,96609,96610,96611,96612,96613,96614,96615,96616,96617,96618,96619,96620,96621,96622,96623,96624,96625,96626,96627,96628,96629,96630,96631,96632,96633,96634,96635,96636,96637,96638,96639,96640,96641,96642,96643,96644,96645,96646,96647,96648
28,2801,'5458',96649,96650,96651,96652,96653,96654,96655,96656,96657,96658,96659,96660,96661,96662,96663,96664,96665,96666,96667,96668,96669,96670,96671,96672,96673,96674,96675,96676,96677,96678,96679,96680,96681,96682,96683,96684,96685,96686,96687,96688,96689,96690,96691,96692,96693,96694,96695,96696,96697,96698,96699
28,2801,'5459',96700,96701,96702,96703,96704,96705,96706,96707,96708,96709,96710,96711,96712,96713,96714,96715,96716,96717,96718,96719,96720,96721,96722,96723,96724,96725,96726,96727,96728,96729,96730,96731,96732,96733,96734,96735,96736,96737,96738,96739,96740,96741,96742,96743,96744,96745,96746,96747,96748
28,2801,'5460',96749,96750,96751,96752,96753,96754,96755,96756,96757,96758,96759,96760,96761,96762,96763,96764,96765,96766,96767,96768,96769,96770,96771,96772,96773,96774,96775,96776,96777,96778,96779,96780,96781,96782,96783,96784,96785,96786,96787
28,2801,'5461',96788,96789,96790,96791,96792,96793,96794,96795,96796,96797,96798,96799,96800,96801,96802,96803,96804,96805,96806,96807,96808,96809,96810,96811,96812,96813,96814,96815,96816,96817,96818,96819,96820,96821,96822,96823,96824,96825,96826
28,2801,'5462',96827,96828,96829,96830,96831,96832,96833,96834,96835,96836,96837,96838,96839,96840,96841,96842,96843,96844,96845,96846,96847,96848,96849,96850,96851,96852,96853,96854,96855,96856,96857,96858,96859,96860,96861,96862,96863,96864,96865
28,2801,'5463',96866,96867,96868,96869,96870,96871,96872,96873,96874,96875,96876,96877,96878,96879,96880,96881,96882,96883,96884,96885,96886,96887,96888,96889,96890,96891,96892,96893,96894,96895,96896,96897,96898,96899,96900,96901,96902,96903,96904
30,3000,'4832',84258,84259,80082,84260,84261,84262,84263,80086,80087,84264,80089,84265,80091,84266,84267,80094,84268,84269,71526,84270,84271,84272,84273,84274,84275,84276
30,3000,'5453',84277,84278,84279,84280,84281,84282,84283,80166,84284,80168,80169,84285,84286,84287,84288,84289,80175,80176,84290,80178,84291,80180,84292,84293,84294,84295
30,3000,'5456',96905,96906,96907,96908,96909,96910,96911,96912,96913,96914,96915,96916,96917,96918,96919,96920,96921,96922,96923,96924,96925,96926,96927,96928,96929,96930,96931,96932,96933,96934,96935,96936,96937
30,3000,'5458',96938,96939,96940,96941,96942,96943,96944,96945,96946,96947,96948,96949,96950,96951,96952,96953,96954,96955,96956,96957,96958,96959,96960,96961,96962,96963,96964,96965,96966,96967,96968,96969,96970
30,3000,'5459',96971,96972,96973,96974,96975,96976,96977,96978,96979,96980,96981,96982,96983,96984,96985,96986,96987,96988,96989,96990,96991,96992,96993,96994,96995,96996,96997,96998,96999,97000
30,3000,'5460',97001,97002,97003,97004,97005,97006,97007,97008,97009,97010,97011,97012,97013,97014,97015,97016,97017,97018,97019,97020,97021,97022,97023,97024,97025,97026
30,3000,'5461',97027,97028,97029,97030,97031,97032,97033,97034,97035,97036,97037,97038,97039,97040,97041,97042,97043,97044,97045,97046,97047,97048,97049,97050,97051,97052
30,3000,'5462',97053,97054,97055,97056,97057,97058,97059,97060,97061,97062,97063,97064,97065,97066,97067,97068,97069,97070,97071,97072,97073,97074,97075,97076,97077,97078
30,3000,'5463',97079,97080,97081,97082,97083,97084,97085,97086,97087,97088,97089,97090,97091,97092,97093,97094,97095,97096,97097,97098,97099,97100,97101,97102,97103,97104
30,3001,'4832',80228,84369,71686,84370,84371,84372,84373,84374,84375,84376,71694,80235,80236,84377,84378,80239,84379,84380,84381,84382,84383,84384,84385,84386,80248,71709,84387
30,3001,'5453',84388,84389,80294,84390,84391,84392,84393,84394,84395,84396,84397,80303,80304,84398,84399,80307,80308,80309,84400,80311,84401,84402,84403,84404,84405,80317,84406
30,3001,'5456',97105,97106,97107,97108,97109,97110,97111,97112,97113,97114,97115,97116,97117,97118,97119,97120,97121,97122,97123,97124,97125,97126,97127,97128,97129,97130,97131,97132,97133,97134,97135,97136
30,3001,'5458',97137,97138,97139,97140,97141,97142,97143,97144,97145,97146,97147,97148,97149,97150,97151,97152,97153,97154,97155,97156,97157,97158,97159,97160,97161,97162,97163,97164,97165,97166,97167,97168
30,3001,'5459',97169,97170,97171,97172,97173,97174,97175,97176,97177,97178,97179,97180,97181,97182,97183,97184,97185,97186,97187,97188,97189,97190,97191,97192,97193,97194,97195,97196,97197,97198
30,3001,'5460',97199,97200,97201,97202,97203,97204,97205,97206,97207,97208,97209,97210,97211,97212,97213,97214,97215,97216,97217,97218,97219,97220,97221,97222,97223,97224,97225
30,3001,'5461',97226,97227,97228,97229,97230,97231,97232,97233,97234,97235,97236,97237,97238,97239,97240,97241,97242,97243,97244,97245,97246,97247,97248,97249,97250,97251,97252
30,3001,'5462',97253,97254,97255,97256,97257,97258,97259,97260,97261,97262,97263,97264,97265,97266,97267,97268,97269,97270,97271,97272,97273,97274,97275,97276,97277,97278,97279
30,3001,'5463',97280,97281,97282,97283,97284,97285,97286,97287,97288,97289,97290,97291,97292,97293,97294,97295,97296,97297,97298,97299,97300,97301,97302,97303,97304,97305,97306
31,3100,'4832',80363,80364,84479,84480,84481,84482,84483,71871,84484,84485,84486,71875,71876,80372,84487,84488,84489,84490,84491,84492,84493,84494,84495,84496,84497,80384,71890
31,3100,'5453',84498,84499,84500,80432,84501,84502,84503,80436,84504,84505,84506,80440,80441,80442,84507,84508,84509,80446,80447,84510,84511,84512,84513,84514,84515,84516,80455
31,3100,'5456',97307,97308,97309,97310,97311,97312,97313,97314,97315,97316,97317,97318,97319,97320,97321,97322,97323,97324,97325,97326,97327,97328,97329,97330,97331,97332,97333,97334,97335,97336,97337,97338,97339
31,3100,'5458',97340,97341,97342,97343,97344,97345,97346,97347,97348,97349,97350,97351,97352,97353,97354,97355,97356,97357,97358,97359,97360,97361,97362,97363,97364,97365,97366,97367,97368,97369,97370,97371,97372
31,3100,'5459',97373,97374,97375,97376,97377,97378,97379,97380,97381,97382,97383,97384,97385,97386,97387,97388,97389,97390,97391,97392,97393,97394,97395,97396,97397,97398,97399,97400,97401,97402
31,3100,'5460',97403,97404,97405,97406,97407,97408,97409,97410,97411,97412,97413,97414,97415,97416,97417,97418,97419,97420,97421,97422,97423,97424,97425,97426,97427,97428,97429
31,3100,'5461',97430,97431,97432,97433,97434,97435,97436,97437,97438,97439,97440,97441,97442,97443,97444,97445,97446,97447,97448,97449,97450,97451,97452,97453,97454,97455,97456
31,3100,'5462',97457,97458,97459,97460,97461,97462,97463,97464,97465,97466,97467,97468,97469,97470,97471,97472,97473,97474,97475,97476,97477,97478,97479,97480,97481,97482,97483
31,3100,'5463',97484,97485,97486,97487,97488,97489,97490,97491,97492,97493,97494,97495,97496,97497,97498,97499,97500,97501,97502,97503,97504,97505,97506,97507,97508,97509,97510
31,3101,'4832',80519,84592,84593,80522,84594,84595,84596,80526,80527,84597,80529,84598,84599,84600,84601,80534,84602,84603,80537,84604,84605,84606,84607,84608,84609,84610,84611
31,3101,'5453',84612,84613,84614,84615,84616,84617,84618,80613,84619,80615,80616,84620,84621,84622,84623,84624,80622,80623,80624,80625,84625,80627,84626,84627,84628,84629,84630
31,3101,'5456',97511,97512,97513,97514,97515,97516,97517,97518,97519,97520,97521,97522,97523,97524,97525,97526,97527,97528,97529,97530,97531,97532,97533,97534,97535,97536,97537,97538,97539,97540,97541,97542,97543
31,3101,'5458',97544,97545,97546,97547,97548,97549,97550,97551,97552,97553,97554,97555,97556,97557,97558,97559,97560,97561,97562,97563,97564,97565,97566,97567,97568,97569,97570,97571,97572,97573,97574,97575,97576
31,3101,'5459',97577,97578,97579,97580,97581,97582,97583,97584,97585,97586,97587,97588,97589,97590,97591,97592,97593,97594,97595,97596,97597,97598,97599,97600,97601,97602,97603,97604,97605,97606
31,3101,'5460',97607,97608,97609,97610,97611,97612,97613,97614,97615,97616,97617,97618,97619,97620,97621,97622,97623,97624,97625,97626,97627,97628,97629,97630,97631,97632,97633
31,3101,'5461',97634,97635,97636,97637,97638,97639,97640,97641,97642,97643,97644,97645,97646,97647,97648,97649,97650,97651,97652,97653,97654,97655,97656,97657,97658,97659,97660
31,3101,'5462',97661,97662,97663,97664,97665,97666,97667,97668,97669,97670,97671,97672,97673,97674,97675,97676,97677,97678,97679,97680,97681,97682,97683,97684,97685,97686,97687
31,3101,'5463',97688,97689,97690,97691,97692,97693,97694,97695,97696,97697,97698,97699,97700,97701,97702,97703,97704,97705,97706,97707,97708,97709,97710,97711,97712,97713,97714
32,3200,'4832',72162,72163,72164,72165,72166,72167,72168,84666,72170,72171,84667,84668
32,3200,'5453',84669,80648,80649,80650,80651,80652,80653,84670,80655,80656,84671,80658
32,3200,'5456',97715,97716,97717,97718,97719,97720,97721,97722,97723,97724,97725,97726,97727,97728,97729,97730,97731
32,3200,'5458',97732,97733,97734,97735,97736,97737,97738,97739,97740,97741,97742,97743,97744,97745,97746,97747,97748
32,3200,'5459',97749,97750,97751,97752,97753,97754,97755,97756,97757,97758,97759,97760,97761,97762,97763
32,3200,'5460',97764,97765,97766,97767,97768,97769,97770,97771,97772,97773,97774,97775
32,3200,'5461',97776,97777,97778,97779,97780,97781,97782,97783,97784,97785,97786,97787
32,3200,'5462',97788,97789,97790,97791,97792,97793,97794,97795,97796,97797,97798,97799
32,3200,'5463',97800,97801,97802,97803,97804,97805,97806,97807,97808,97809,97810,97811
32,3201,'4832',72252,72253,72254,72255,72256,72257,72258,72259,84688,72261,84689,84690
32,3201,'5453',84691,80674,80675,80676,80677,80678,80679,80680,84692,80682,84693,80684
32,3201,'5456',97812,97813,97814,97815,97816,97817,97818,97819,97820,97821,97822,97823,97824,97825,97826,97827,97828,97829
32,3201,'5458',97830,97831,97832,97833,97834,97835,97836,97837,97838,97839,97840,97841,97842,97843,97844,97845,97846,97847
32,3201,'5459',97848,97849,97850,97851,97852,97853,97854,97855,97856,97857,97858,97859,97860,97861,97862
32,3201,'5460',97863,97864,97865,97866,97867,97868,97869,97870,97871,97872,97873,97874
32,3201,'5461',97875,97876,97877,97878,97879,97880,97881,97882,97883,97884,97885,97886
32,3201,'5462',97887,97888,97889,97890,97891,97892,97893,97894,97895,97896,97897,97898
32,3201,'5463',97899,97900,97901,97902,97903,97904,97905,97906,97907,97908,97909,97910
35,3500,'5456',97911,97912,97913,97914,97915,97916,97917,97918,97919,97920,97921,97922,97923,97924,97925
35,3500,'5458',97926,97927,97928,97929,97930,97931,97932,97933,97934,97935,97936,97937,97938,97939,97940
38,3800,'5456',97941,97942,97943,97944,97945,97946,97947,97948,97949,97950,97951,97952,97953,97954,97955,97956,97957,97958,97959,97960,97961,97962,97963,97964,97965,97966
38,3800,'5458',97967,97968,97969,97970,97971,97972,97973,97974,97975,97976,97977,97978,97979,97980,97981,97982,97983,97984,97985,97986,97987,97988,97989,97990,97991,97992
38,3801,'5456',97993,97994,97995,97996,97997,97998,97999,98000,98001,98002,98003,98004,98005,98006,98007,98008,98009,98010,98011,98012,98013,98014,98015,98016
38,3801,'5458',98017,98018,98019,98020,98021,98022,98023,98024,98025,98026,98027,98028,98029,98030,98031,98032,98033,98034,98035,98036,98037,98038,98039,98040
39,3900,'4832',72462,72463,72464,72465,72466,72467,72468,72469,72470,84742,84743,84744
39,3900,'5453',80697,84745,80699,80700,80701,80702,80703,80704,80705,84746,80707,84747
39,3900,'5456',98041,98042,98043,98044,98045,98046,98047,98048,98049,98050,98051,98052,98053,98054,98055,98056,98057,98058,98059,98060,98061,98062,98063,98064,98065,98066,98067,98068,98069,98070,98071,98072,98073,98074,98075,98076,98077,98078,98079,98080,98081,98082,98083
39,3900,'5458',98084,98085,98086,98087,98088,98089,98090,98091,98092,98093,98094,98095,98096,98097,98098,98099,98100,98101,98102,98103,98104,98105,98106,98107,98108,98109,98110,98111,98112,98113,98114,98115,98116,98117,98118,98119,98120,98121,98122,98123,98124,98125,98126
39,3900,'5459',98127,98128,98129,98130,98131,98132,98133,98134,98135,98136,98137,98138,98139
39,3900,'5460',98140,98141,98142,98143,98144,98145,98146,98147,98148,98149,98150,98151
39,3900,'5461',98152,98153,98154,98155,98156,98157,98158,98159,98160,98161,98162,98163
39,3900,'5462',98164,98165,98166,98167,98168,98169,98170,98171,98172,98173,98174,98175
39,3900,'5463',98176,98177,98178,98179,98180,98181,98182,98183,98184,98185,98186,98187
39,3901,'4832',72568,72569,72570,72571,72572,72573,84785,72575,72576,72577,84786,84787,72580
39,3901,'5453',80711,80712,84788,80714,80715,80716,84789,80718,80719,80720,80721,84790,80723
39,3901,'5456',98188,98189,98190,98191,98192,98193,98194,98195,98196,98197,98198,98199,98200,98201,98202,98203,98204,98205,98206,98207,98208,98209,98210,98211,98212,98213,98214,98215,98216,98217,98218,98219,98220,98221,98222,98223,98224,98225,98226,98227,98228
39,3901,'5458',98229,98230,98231,98232,98233,98234,98235,98236,98237,98238,98239,98240,98241,98242,98243,98244,98245,98246,98247,98248,98249,98250,98251,98252,98253,98254,98255,98256,98257,98258,98259,98260,98261,98262,98263,98264,98265,98266,98267,98268,98269
39,3901,'5459',98270,98271,98272,98273,98274,98275,98276,98277,98278,98279,98280,98281,98282
39,3901,'5460',98283,98284,98285,98286,98287,98288,98289,98290,98291,98292,98293,98294,98295
39,3901,'5461',98296,98297,98298,98299,98300,98301,98302,98303,98304,98305,98306,98307,98308
39,3901,'5462',98309,98310,98311,98312,98313,98314,98315,98316,98317,98318,98319,98320,98321
39,3901,'5463',98322,98323,98324,98325,98326,98327,98328,98329,98330,98331,98332,98333,98334
40,4000,'4832',72660,72661,84827,72663,72664,72665,84828,84829,84830,84831,72670,84832
40,4000,'5453',80728,80729,80730,80731,80732,80733,84833,84834,84835,84836,80738,84837
40,4000,'5456',98335,98336,98337,98338,98339,98340,98341,98342,98343,98344,98345,98346,98347,98348,98349,98350,98351,98352,98353
40,4000,'5458',98354,98355,98356,98357,98358,98359,98360,98361,98362,98363,98364,98365,98366,98367,98368,98369,98370,98371,98372
40,4000,'5459',98373,98374,98375,98376,98377,98378,98379,98380,98381,98382,98383,98384,98385,98386
40,4000,'5460',98387,98388,98389,98390,98391,98392,98393,98394,98395,98396,98397,98398
40,4000,'5461',98399,98400,98401,98402,98403,98404,98405,98406,98407,98408,98409,98410
40,4000,'5462',98411,98412,98413,98414,98415,98416,98417,98418,98419,98420,98421,98422
40,4000,'5463',98423,98424,98425,98426,98427,98428,98429,98430,98431,98432,98433,98434
40,4001,'4832',72752,72753,84872,72755,72756,72757,84873,84874,84875,84876,84877,72763,72764
40,4001,'5453',80744,80745,80746,80747,80748,80749,84878,84879,84880,84881,84882,80755,80756
40,4001,'5456',98435,98436,98437,98438,98439,98440,98441,98442,98443,98444,98445,98446,98447,98448,98449,98450,98451,98452,98453
40,4001,'5458',98454,98455,98456,98457,98458,98459,98460,98461,98462,98463,98464,98465,98466,98467,98468,98469,98470,98471,98472
40,4001,'5459',98473,98474,98475,98476,98477,98478,98479,98480,98481,98482,98483,98484,98485,98486,98487
40,4001,'5460',98488,98489,98490,98491,98492,98493,98494,98495,98496,98497,98498,98499,98500
40,4001,'5461',98501,98502,98503,98504,98505,98506,98507,98508,98509,98510,98511,98512,98513
40,4001,'5462',98514,98515,98516,98517,98518,98519,98520,98521,98522,98523,98524,98525,98526
40,4001,'5463',98527,98528,98529,98530,98531,98532,98533,98534,98535,98536,98537,98538,98539
43,4300,'5456',98540,98541,98542
43,4300,'5458',98543,98544,98545
46,4600,'5456',98546,98547,98548,98549,98550,98551,98552,98553,98554,98555,98556,98557,98558,98559
46,4600,'5458',98560,98561,98562,98563,98564,98565,98566,98567,98568,98569,98570,98571,98572,98573
46,4601,'5456',98574,98575,98576,98577,98578,98579,98580,98581,98582,98583,98584,98585
46,4601,'5458',98586,98587,98588,98589,98590,98591,98592,98593,98594,98595,98596,98597
47,4700,'5456',98598,98599,98600
47,4700,'5458',98601,98602,98603
47,4701,'5456',98604,98605,98606
47,4701,'5458',98607,98608,98609
48,4800,'5456',98610,98611,98612
48,4800,'5458',98613,98614,98615
48,4801,'5456',98616,98617,98618
48,4801,'5458',98619,98620,98621
49,4900,'4832',84955,84956,72896,72897,72898,72899,84957
49,4900,'5453',80765,80766,80767,80768,80769,80770,84958
49,4900,'5456',98622,98623,98624,98625,98626,98627,98628,98629,98630,98631,98632
49,4900,'5458',98633,98634,98635,98636,98637,98638,98639,98640,98641,98642,98643
49,4900,'5459',98644,98645,98646,98647,98648,98649,98650
49,4900,'5460',98651,98652,98653,98654,98655,98656,98657
49,4900,'5461',98658,98659,98660,98661,98662,98663,98664
49,4900,'5462',98665,98666,98667,98668,98669,98670,98671
49,4900,'5463',98672,98673,98674,98675,98676,98677,98678
49,4901,'4832',84978,84979,72946,72947,72948,84980
49,4901,'5453',80772,80773,80774,80775,80776,84981
49,4901,'5456',98679,98680,98681,98682,98683,98684,98685,98686,98687,98688,98689
49,4901,'5458',98690,98691,98692,98693,98694,98695,98696,98697,98698,98699,98700
49,4901,'5459',98701,98702,98703,98704,98705,98706,98707
49,4901,'5460',98708,98709,98710,98711,98712,98713
49,4901,'5461',98714,98715,98716,98717,98718,98719
49,4901,'5462',98720,98721,98722,98723,98724,98725
49,4901,'5463',98726,98727,98728,98729,98730,98731
52,5200,'4832',85057,85058,85059,85060,85061,85062,85063,85064,85065,85066,85067,85068,85069,85070,85071,85072,85073,85074,85075,85076,85077,85078,85079,85080,85081,85082,85083,85084
52,5200,'5453',85085,85086,85087,85088,85089,85090,85091,85092,85093,85094,85095,85096,85097,85098,85099,85100,85101,85102,85103,85104,85105,85106,85107,85108,85109,85110,85111,85112
52,5200,'5456',98732,98733,98734,98735,98736,98737,98738,98739,98740,98741,98742,98743,98744,98745,98746,98747,98748,98749,98750,98751,98752,98753,98754,98755,98756,98757,98758,98759,98760,98761,98762,98763,98764,98765,98766,98767,98768,98769,98770
52,5200,'5458',98771,98772,98773,98774,98775,98776,98777,98778,98779,98780,98781,98782,98783,98784,98785,98786,98787,98788,98789,98790,98791,98792,98793,98794,98795,98796,98797,98798,98799,98800,98801,98802,98803,98804,98805,98806,98807,98808,98809
52,5200,'5459',98810,98811,98812,98813,98814,98815,98816,98817,98818,98819,98820,98821,98822,98823,98824,98825,98826,98827,98828,98829,98830,98831,98832,98833,98834,98835,98836,98837,98838,98839,98840,98841
52,5200,'5460',98842,98843,98844,98845,98846,98847,98848,98849,98850,98851,98852,98853,98854,98855,98856,98857,98858,98859,98860,98861,98862,98863,98864,98865,98866,98867,98868,98869
52,5200,'5461',98870,98871,98872,98873,98874,98875,98876,98877,98878,98879,98880,98881,98882,98883,98884,98885,98886,98887,98888,98889,98890,98891,98892,98893,98894,98895,98896,98897
52,5200,'5462',98898,98899,98900,98901,98902,98903,98904,98905,98906,98907,98908,98909,98910,98911,98912,98913,98914,98915,98916,98917,98918,98919,98920,98921,98922,98923,98924,98925
52,5200,'5463',98926,98927,98928,98929,98930,98931,98932,98933,98934,98935,98936,98937,98938,98939,98940,98941,98942,98943,98944,98945,98946,98947,98948,98949,98950,98951,98952,98953
52,5201,'4832',85216,85217,85218,85219,85220,85221,85222,85223,85224,85225,85226,85227,85228,85229,85230,85231,85232,85233,85234,85235,85236,85237,85238,85239,85240,85241,85242
52,5201,'5453',85243,85244,85245,85246,85247,85248,85249,85250,85251,85252,85253,85254,85255,85256,85257,85258,85259,85260,85261,85262,85263,85264,85265,85266,85267,85268,85269
52,5201,'5456',98954,98955,98956,98957,98958,98959,98960,98961,98962,98963,98964,98965,98966,98967,98968,98969,98970,98971,98972,98973,98974,98975,98976,98977,98978,98979,98980,98981,98982,98983,98984,98985,98986,98987,98988,98989,98990,98991,98992,98993
52,5201,'5458',98994,98995,98996,98997,98998,98999,99000,99001,99002,99003,99004,99005,99006,99007,99008,99009,99010,99011,99012,99013,99014,99015,99016,99017,99018,99019,99020,99021,99022,99023,99024,99025,99026,99027,99028,99029,99030,99031,99032,99033
52,5201,'5459',99034,99035,99036,99037,99038,99039,99040,99041,99042,99043,99044,99045,99046,99047,99048,99049,99050,99051,99052,99053,99054,99055,99056,99057,99058,99059,99060,99061,99062,99063,99064,99065,99066
52,5201,'5460',99067,99068,99069,99070,99071,99072,99073,99074,99075,99076,99077,99078,99079,99080,99081,99082,99083,99084,99085,99086,99087,99088,99089,99090,99091,99092,99093
52,5201,'5461',99094,99095,99096,99097,99098,99099,99100,99101,99102,99103,99104,99105,99106,99107,99108,99109,99110,99111,99112,99113,99114,99115,99116,99117,99118,99119,99120
52,5201,'5462',99121,99122,99123,99124,99125,99126,99127,99128,99129,99130,99131,99132,99133,99134,99135,99136,99137,99138,99139,99140,99141,99142,99143,99144,99145,99146,99147
52,5201,'5463',99148,99149,99150,99151,99152,99153,99154,99155,99156,99157,99158,99159,99160,99161,99162,99163,99164,99165,99166,99167,99168,99169,99170,99171,99172,99173,99174
53,5300,'4832',85317,73377,73378,85318,73380,73381,73382
53,5300,'5453',80863,80864,80865,80866,80867,80868,80869
53,5300,'5456',99175,99176,99177,99178,99179,99180,99181,99182,99183,99184,99185
53,5300,'5458',99186,99187,99188,99189,99190,99191,99192,99193,99194,99195,99196
53,5300,'5459',99197,99198,99199,99200,99201,99202,99203
53,5300,'5460',99204,99205,99206,99207,99208,99209,99210
53,5300,'5461',99211,99212,99213,99214,99215,99216,99217
53,5300,'5462',99218,99219,99220,99221,99222,99223,99224
53,5300,'5463',99225,99226,99227,99228,99229,99230,99231
53,5301,'4832',85338,73425,73426,85339,73428,73429,73430
53,5301,'5453',80870,80871,80872,80873,80874,80875,80876
53,5301,'5456',99232,99233,99234,99235,99236,99237,99238,99239,99240,99241
53,5301,'5458',99242,99243,99244,99245,99246,99247,99248,99249,99250,99251
53,5301,'5459',99252,99253,99254,99255,99256,99257,99258
53,5301,'5460',99259,99260,99261,99262,99263,99264,99265
53,5301,'5461',99266,99267,99268,99269,99270,99271,99272
53,5301,'5462',99273,99274,99275,99276,99277,99278,99279
53,5301,'5463',99280,99281,99282,99283,99284,99285,99286
54,5400,'4832',73472,85355,85356,85357,85358,73477,73478
54,5400,'5453',85359,85360,85361,85362,85363,80882,80883
54,5400,'5456',99287,99288,99289,99290,99291,99292,99293,99294,99295,99296
54,5400,'5458',99297,99298,99299,99300,99301,99302,99303,99304,99305,99306
54,5400,'5459',99307,99308,99309,99310,99311,99312,99313
54,5400,'5460',99314,99315,99316,99317,99318,99319,99320
54,5400,'5461',99321,99322,99323,99324,99325,99326,99327
54,5400,'5462',99328,99329,99330,99331,99332,99333,99334
54,5400,'5463',99335,99336,99337,99338,99339,99340,99341
54,5401,'4832',85387,85388,85389,85390,85391,85392,85393
54,5401,'5453',85394,85395,85396,85397,85398,85399,85400
54,5401,'5456',99342,99343,99344,99345,99346,99347,99348,99349,99350,99351
54,5401,'5458',99352,99353,99354,99355,99356,99357,99358,99359,99360,99361
54,5401,'5459',99362,99363,99364,99365,99366,99367,99368
54,5401,'5460',99369,99370,99371,99372,99373,99374,99375
54,5401,'5461',99376,99377,99378,99379,99380,99381,99382
54,5401,'5462',99383,99384,99385,99386,99387,99388,99389
54,5401,'5463',99390,99391,99392,99393,99394,99395,99396
55,5500,'4832',85428,85429,85430,85431,85432,85433,85434
55,5500,'5453',85435,85436,85437,85438,85439,85440,85441
55,5500,'5456',99397,99398,99399,99400,99401,99402,99403,99404,99405,99406
55,5500,'5458',99407,99408,99409,99410,99411,99412,99413,99414,99415,99416
55,5500,'5459',99417,99418,99419,99420,99421,99422,99423
55,5500,'5460',99424,99425,99426,99427,99428,99429,99430
55,5500,'5461',99431,99432,99433,99434,99435,99436,99437
55,5500,'5462',99438,99439,99440,99441,99442,99443,99444
55,5500,'5463',99445,99446,99447,99448,99449,99450,99451
55,5501,'4832',85459,85460,85461,85462,73616,73617
55,5501,'5453',85463,85464,85465,85466,80902,80903
55,5501,'5456',99452,99453,99454,99455,99456,99457,99458,99459,99460
55,5501,'5458',99461,99462,99463,99464,99465,99466,99467,99468,99469
55,5501,'5459',99470,99471,99472,99473,99474,99475
55,5501,'5460',99476,99477,99478,99479,99480,99481
55,5501,'5461',99482,99483,99484,99485,99486,99487
55,5501,'5462',99488,99489,99490,99491,99492,99493
55,5501,'5463',99494,99495,99496,99497,99498,99499
57,5700,'4832',73696,73697,85477,73699,73700,73701,73702,73703,73704,73705,73706,73707,73708,85478,85479
57,5700,'5453',80904,80905,80906,80907,80908,80909,85480,80911,80912,80913,80914,85481,80916,85482,85483
57,5700,'5456',99500,99501,99502,99503,99504,99505,99506,99507,99508,99509,99510,99511,99512,99513,99514,99515,99516,99517,99518,99519,99520
57,5700,'5458',99521,99522,99523,99524,99525,99526,99527,99528,99529,99530,99531,99532,99533,99534,99535,99536,99537,99538,99539,99540,99541
57,5700,'5459',99542,99543,99544,99545,99546,99547,99548,99549,99550,99551,99552,99553,99554,99555,99556
57,5700,'5460',99557,99558,99559,99560,99561,99562,99563,99564,99565,99566,99567,99568,99569,99570,99571
57,5700,'5461',99572,99573,99574,99575,99576,99577,99578,99579,99580,99581,99582,99583,99584,99585,99586
57,5700,'5462',99587,99588,99589,99590,99591,99592,99593,99594,99595,99596,99597,99598,99599,99600,99601
57,5700,'5463',99602,99603,99604,99605,99606,99607,99608,99609,99610,99611,99612,99613,99614,99615,99616
57,5701,'4832',73800,73801,73802,85488,73804,73805,73806,73807,73808,73809,73810,73811,85489,73813,85490
57,5701,'5453',80919,80920,80921,80922,80923,80924,80925,85491,80927,80928,80929,85492,85493,80932,85494
57,5701,'5456',99617,99618,99619,99620,99621,99622,99623,99624,99625,99626,99627,99628,99629,99630,99631,99632,99633,99634,99635,99636,99637,99638
57,5701,'5458',99639,99640,99641,99642,99643,99644,99645,99646,99647,99648,99649,99650,99651,99652,99653,99654,99655,99656,99657,99658,99659,99660
57,5701,'5459',99661,99662,99663,99664,99665,99666,99667,99668,99669,99670,99671,99672,99673,99674,99675,99676
57,5701,'5460',99677,99678,99679,99680,99681,99682,99683,99684,99685,99686,99687,99688,99689,99690,99691
57,5701,'5461',99692,99693,99694,99695,99696,99697,99698,99699,99700,99701,99702,99703,99704,99705,99706
57,5701,'5462',99707,99708,99709,99710,99711,99712,99713,99714,99715,99716,99717,99718,99719,99720,99721
57,5701,'5463',99722,99723,99724,99725,99726,99727,99728,99729,99730,99731,99732,99733,99734,99735,99736
58,5800,'4832',73904,85502,85503,85504,85505,85506,85507,85508,85509,73913,85510,73915,73916,73917
58,5800,'5453',85511,85512,85513,85514,85515,85516,85517,85518,85519,80943,85520,85521,80946,80947
58,5800,'5456',99737,99738,99739,99740,99741,99742,99743,99744,99745,99746,99747,99748,99749,99750,99751,99752,99753,99754,99755,99756,99757,99758,99759,99760
58,5800,'5458',99761,99762,99763,99764,99765,99766,99767,99768,99769,99770,99771,99772,99773,99774,99775,99776,99777,99778,99779,99780,99781,99782,99783,99784
58,5800,'5459',99785,99786,99787,99788,99789,99790,99791,99792,99793,99794,99795,99796,99797,99798,99799,99800
58,5800,'5460',99801,99802,99803,99804,99805,99806,99807,99808,99809,99810,99811,99812,99813,99814
58,5800,'5461',99815,99816,99817,99818,99819,99820,99821,99822,99823,99824,99825,99826,99827,99828
58,5800,'5462',99829,99830,99831,99832,99833,99834,99835,99836,99837,99838,99839,99840,99841,99842
58,5800,'5463',99843,99844,99845,99846,99847,99848,99849,99850,99851,99852,99853,99854,99855,99856
58,5801,'4832',74006,85530,85531,85532,85533,85534,85535,85536,85537,74015,74016,85538,74018,74019
58,5801,'5453',85539,85540,85541,85542,85543,85544,85545,85546,85547,80957,80958,85548,85549,80961
58,5801,'5456',99857,99858,99859,99860,99861,99862,99863,99864,99865,99866,99867,99868,99869,99870,99871,99872,99873,99874,99875,99876,99877,99878,99879,99880,99881
58,5801,'5458',99882,99883,99884,99885,99886,99887,99888,99889,99890,99891,99892,99893,99894,99895,99896,99897,99898,99899,99900,99901,99902,99903,99904,99905,99906
58,5801,'5459',99907,99908,99909,99910,99911,99912,99913,99914,99915,99916,99917,99918,99919,99920,99921,99922
58,5801,'5460',99923,99924,99925,99926,99927,99928,99929,99930,99931,99932,99933,99934,99935,99936
58,5801,'5461',99937,99938,99939,99940,99941,99942,99943,99944,99945,99946,99947,99948,99949,99950
58,5801,'5462',99951,99952,99953,99954,99955,99956,99957,99958,99959,99960,99961,99962,99963,99964
58,5801,'5463',99965,99966,99967,99968,99969,99970,99971,99972,99973,99974,99975,99976,99977,99978
59,5900,'4832',74096,74097,74098,85561,74100,85562,85563,85564,85565,74105,74106,74107,74108
59,5900,'5453',80962,80963,80964,80965,80966,80967,80968,80969,80970,80971,80972,80973,80974
59,5900,'5456',99979,99980,99981,99982,99983,99984,99985,99986,99987,99988,99989,99990,99991,99992,99993,99994,99995,99996
59,5900,'5458',99997,99998,99999,100000,100001,100002,100003,100004,100005,100006,100007,100008,100009,100010,100011,100012,100013,100014
59,5900,'5459',100015,100016,100017,100018,100019,100020,100021,100022,100023,100024,100025,100026,100027,100028
59,5900,'5460',100029,100030,100031,100032,100033,100034,100035,100036,100037,100038,100039,100040,100041
59,5900,'5461',100042,100043,100044,100045,100046,100047,100048,100049,100050,100051,100052,100053,100054
59,5900,'5462',100055,100056,100057,100058,100059,100060,100061,100062,100063,100064,100065,100066,100067
59,5900,'5463',100068,100069,100070,100071,100072,100073,100074,100075,100076,100077,100078,100079,100080
59,5901,'4832',85580,85581,85582,85583,85584,74189,74190,85585,85586,74193,74194,74195,85587
59,5901,'5453',85588,85589,85590,85591,85592,85593,85594,85595,85596,85597,85598,85599,85600
59,5901,'5456',100081,100082,100083,100084,100085,100086,100087,100088,100089,100090,100091,100092,100093,100094,100095,100096,100097,100098
59,5901,'5458',100099,100100,100101,100102,100103,100104,100105,100106,100107,100108,100109,100110,100111,100112,100113,100114,100115,100116
59,5901,'5459',100117,100118,100119,100120,100121,100122,100123,100124,100125,100126,100127,100128,100129,100130
59,5901,'5460',100131,100132,100133,100134,100135,100136,100137,100138,100139,100140,100141,100142,100143
59,5901,'5461',100144,100145,100146,100147,100148,100149,100150,100151,100152,100153,100154,100155,100156
59,5901,'5462',100157,100158,100159,100160,100161,100162,100163,100164,100165,100166,100167,100168,100169
59,5901,'5463',100170,100171,100172,100173,100174,100175,100176,100177,100178,100179,100180,100181,100182
60,6000,'4832',85614,85615,85616,85617,74278,85618,85619,85620,74282,85621,74284,74285,74286
60,6000,'5453',85622,85623,85624,85625,85626,85627,85628,85629,85630,85631,85632,85633,85634
60,6000,'5456',100183,100184,100185,100186,100187,100188,100189,100190,100191,100192,100193,100194,100195,100196,100197,100198,100199,100200,100201
60,6000,'5458',100202,100203,100204,100205,100206,100207,100208,100209,100210,100211,100212,100213,100214,100215,100216,100217,100218,100219,100220
60,6000,'5459',100221,100222,100223,100224,100225,100226,100227,100228,100229,100230,100231,100232,100233,100234
60,6000,'5460',100235,100236,100237,100238,100239,100240,100241,100242,100243,100244,100245,100246,100247
60,6000,'5461',100248,100249,100250,100251,100252,100253,100254,100255,100256,100257,100258,100259,100260
60,6000,'5462',100261,100262,100263,100264,100265,100266,100267,100268,100269,100270,100271,100272,100273
60,6000,'5463',100274,100275,100276,100277,100278,100279,100280,100281,100282,100283,100284,100285,100286
60,6001,'4832',85650,74363,74364,74365,85651,85652,85653,85654,74370,74371,74372,74373,74374
60,6001,'5453',81001,81002,81003,81004,81005,81006,81007,81008,81009,81010,81011,81012,81013
60,6001,'5456',100287,100288,100289,100290,100291,100292,100293,100294,100295,100296,100297,100298,100299,100300,100301,100302,100303,100304
60,6001,'5458',100305,100306,100307,100308,100309,100310,100311,100312,100313,100314,100315,100316,100317,100318,100319,100320,100321,100322
60,6001,'5459',100323,100324,100325,100326,100327,100328,100329,100330,100331,100332,100333,100334,100335,100336
60,6001,'5460',100337,100338,100339,100340,100341,100342,100343,100344,100345,100346,100347,100348,100349
60,6001,'5461',100350,100351,100352,100353,100354,100355,100356,100357,100358,100359,100360,100361,100362
60,6001,'5462',100363,100364,100365,100366,100367,100368,100369,100370,100371,100372,100373,100374,100375
60,6001,'5463',100376,100377,100378,100379,100380,100381,100382,100383,100384,100385,100386,100387,100388
61,6100,'4832',74518,74519,74520,74521,74522,74523,74524,74525,74526,74527,74528,74529,74530,74531,74532,74533,74534,74535,74536,74537,74538
61,6100,'5453',81016,81017,81018,81019,81020,81021,81022,81023,81024,81025,81026,81027,81028,81029,81030,81031,81032,81033,81034,81035,81036
61,6100,'5456',100389,100390,100391,100392,100393,100394,100395,100396,100397,100398,100399,100400,100401,100402,100403,100404,100405,100406,100407,100408,100409,100410,100411,100412,100413,100414,100415,100416,100417,100418,100419,100420,100421,100422,100423,100424,100425
61,6100,'5458',100426,100427,100428,100429,100430,100431,100432,100433,100434,100435,100436,100437,100438,100439,100440,100441,100442,100443,100444,100445,100446,100447,100448,100449,100450,100451,100452,100453,100454,100455,100456,100457,100458,100459,100460,100461,100462,100463
61,6100,'5459',100464,100465,100466,100467,100468,100469,100470,100471,100472,100473,100474,100475,100476,100477,100478,100479,100480,100481,100482,100483,100484,100485,100486,100487,100488,100489,100490,100491,100492
61,6100,'5460',100493,100494,100495,100496,100497,100498,100499,100500,100501,100502,100503,100504,100505,100506,100507,100508,100509,100510,100511,100512,100513
61,6100,'5461',100514,100515,100516,100517,100518,100519,100520,100521,100522,100523,100524,100525,100526,100527,100528,100529,100530,100531,100532,100533,100534
61,6100,'5462',100535,100536,100537,100538,100539,100540,100541,100542,100543,100544,100545,100546,100547,100548,100549,100550,100551,100552,100553,100554,100555
61,6100,'5463',100556,100557,100558,100559,100560,100561,100562,100563,100564,100565,100566,100567,100568,100569,100570,100571,100572,100573,100574,100575,100576
61,6101,'4832',74688,74689,74690,74691,74692,74693,74694,74695,74696,74697,74698,74699,74700,74701,74702,74703,74704,74705,74706,74707,74708
61,6101,'5453',81039,81040,81041,81042,81043,81044,81045,81046,81047,81048,81049,81050,81051,81052,81053,81054,81055,81056,81057,81058,81059
61,6101,'5456',100577,100578,100579,100580,100581,100582,100583,100584,100585,100586,100587,100588,100589,100590,100591,100592,100593,100594,100595,100596,100597,100598,100599,100600,100601,100602,100603,100604,100605,100606,100607,100608,100609,100610,100611,100612
61,6101,'5458',100613,100614,100615,100616,100617,100618,100619,100620,100621,100622,100623,100624,100625,100626,100627,100628,100629,100630,100631,100632,100633,100634,100635,100636,100637,100638,100639,100640,100641,100642,100643,100644,100645,100646,100647,100648,100649
61,6101,'5459',100650,100651,100652,100653,100654,100655,100656,100657,100658,100659,100660,100661,100662,100663,100664,100665,100666,100667,100668,100669,100670,100671,100672,100673,100674,100675,100676,100677,100678
61,6101,'5460',100679,100680,100681,100682,100683,100684,100685,100686,100687,100688,100689,100690,100691,100692,100693,100694,100695,100696,100697,100698,100699
61,6101,'5461',100700,100701,100702,100703,100704,100705,100706,100707,100708,100709,100710,100711,100712,100713,100714,100715,100716,100717,100718,100719,100720
61,6101,'5462',100721,100722,100723,100724,100725,100726,100727,100728,100729,100730,100731,100732,100733,100734,100735,100736,100737,100738,100739,100740,100741
61,6101,'5463',100742,100743,100744,100745,100746,100747,100748,100749,100750,100751,100752,100753,100754,100755,100756,100757,100758,100759,100760,100761,100762
63,6301,'5456',100763,100764,100765,100766
63,6301,'5458',100767,100768,100769,100770
64,6400,'5456',100771,100772,100773,100774,100775,100776,100777
64,6400,'5458',100778,100779,100780,100781,100782,100783,100784
64,6401,'5456',100785,100786,100787,100788,100789,100790,100791
64,6401,'5458',100792,100793,100794,100795,100796,100797,100798
65,6500,'5456',100799,100800,100801,100802
65,6500,'5458',100803,100804,100805,100806
65,6501,'5456',100807,100808,100809,100810
65,6501,'5458',100811,100812,100813,100814
70,7000,'4832',85792,85793,85794,85795,74880,74881,85796,85797,85798,85799,85800,85801,85802,85803,85804,85805,85806,85807,85808,74895,74896,85809,85810
70,7000,'5453',85811,85812,85813,85814,81070,85815,81072,85816,85817,85818,85819,85820,85821,85822,81080,85823,85824,85825,85826,85827,85828,85829,85830,85831,81090,85832,81092,85833,85834,85835
70,7000,'5456',100815,100816,100817,100818,100819,100820,100821,100822,100823,100824,100825,100826,100827,100828,100829,100830
70,7000,'5458',100831,100832,100833,100834,100835,100836,100837,100838,100839,100840,100841,100842,100843,100844,100845,100846,100847,100848,100849
70,7000,'5459',100850,100851,100852,100853,100854,100855,100856,100857,100858,100859,100860,100861,100862,100863,100864,100865,100866,100867,100868,100869,100870,100871
70,7000,'5460',100872,100873,100874,100875,100876,100877,100878,100879,100880,100881,100882,100883,100884,100885,100886,100887,100888,100889,100890
70,7000,'5461',100891,100892,100893,100894,100895,100896,100897,100898,100899,100900,100901,100902,100903,100904,100905,100906,100907,100908,100909,100910,100911,100912,100913,100914,100915
70,7000,'5462',100916,100917,100918,100919,100920,100921,100922,100923,100924,100925,100926,100927,100928,100929,100930,100931,100932,100933,100934,100935,100936,100937,100938,100939,100940
70,7000,'5463',100941,100942,100943,100944,100945,100946,100947,100948,100949,100950,100951,100952,100953,100954,100955,100956,100957,100958,100959,100960,100961
70,7001,'4832',85875,85876,85877,74998,85878,85879,85880,85881,85882,85883,85884,85885,85886,85887,75009,85888
70,7001,'5453',85889,85890,85891,85892,85893,85894,85895,85896,85897,85898,85899,85900,85901,85902,85903,85904
70,7001,'5456',100962,100963,100964,100965,100966,100967,100968,100969,100970,100971,100972,100973,100974,100975,100976,100977
70,7001,'5458',100978,100979,100980,100981,100982,100983,100984,100985,100986,100987,100988,100989,100990,100991,100992,100993
70,7001,'5459',100994,100995,100996,100997,100998,100999,101000,101001,101002,101003,101004,101005,101006
70,7001,'5460',101007,101008,101009,101010,101011,101012,101013,101014,101015,101016,101017,101018,101019,101020
70,7001,'5461',101021,101022,101023,101024,101025,101026,101027,101028,101029,101030,101031,101032,101033,101034,101035,101036
70,7001,'5462',101037,101038,101039,101040,101041,101042,101043,101044,101045,101046,101047,101048,101049,101050,101051,101052
70,7001,'5463',101053,101054,101055,101056,101057,101058,101059,101060,101061,101062,101063,101064,101065,101066
71,7100,'5456',101067,101068,101069
71,7100,'5458',101070,101071,101072
71,7101,'5456',101073,101074,101075
71,7101,'5458',101076,101077,101078
72,7200,'4832',85980,85981,85982,85983,85984,85985,85986,85987,85988,85989,85990,85991,85992,85993,85994,85995,85996,85997,85998,85999,86000,86001,86002,86003,86004,86005,86006
72,7200,'5453',86007,86008,86009,86010,86011,86012,86013,86014,86015,86016,86017,86018,86019,86020,86021,86022,86023,86024,86025,86026,86027,86028,86029,86030,86031,86032,86033
72,7200,'5456',101079,101080,101081,101082,101083,101084,101085,101086,101087,101088,101089,101090,101091,101092,101093,101094,101095,101096,101097,101098,101099,101100,101101,101102,101103,101104,101105,101106,101107,101108,101109,101110,101111
72,7200,'5458',101112,101113,101114,101115,101116,101117,101118,101119,101120,101121,101122,101123,101124,101125,101126,101127,101128,101129,101130,101131,101132,101133,101134,101135,101136,101137,101138,101139,101140,101141,101142,101143,101144
72,7200,'5459',101145,101146,101147,101148,101149,101150,101151,101152,101153,101154,101155,101156,101157,101158,101159,101160,101161,101162,101163,101164,101165,101166,101167,101168,101169,101170,101171,101172,101173,101174,101175
72,7200,'5460',101176,101177,101178,101179,101180,101181,101182,101183,101184,101185,101186,101187,101188,101189,101190,101191,101192,101193,101194,101195,101196,101197,101198,101199,101200,101201
72,7200,'5461',101202,101203,101204,101205,101206,101207,101208,101209,101210,101211,101212,101213,101214,101215,101216,101217,101218,101219,101220,101221,101222,101223,101224,101225,101226,101227
72,7200,'5462',101228,101229,101230,101231,101232,101233,101234,101235,101236,101237,101238,101239,101240,101241,101242,101243,101244,101245,101246,101247,101248,101249,101250,101251,101252,101253
72,7200,'5463',101254,101255,101256,101257,101258,101259,101260,101261,101262,101263,101264,101265,101266,101267,101268,101269,101270,101271,101272,101273,101274,101275,101276,101277,101278,101279
72,7201,'4832',86118,86119,86120,86121,86122,86123,86124,86125,86126,86127,86128,86129,86130,86131,86132,86133,86134,86135,86136,86137,86138,86139,86140,86141,86142,86143,86144
72,7201,'5453',86145,81140,86146,86147,86148,86149,86150,86151,86152,86153,86154,86155,86156,86157,86158,86159,86160,86161,86162,86163,86164,86165,86166,86167,86168,86169,86170
72,7201,'5456',101280,101281,101282,101283,101284,101285,101286,101287,101288,101289,101290,101291,101292,101293,101294,101295,101296,101297,101298,101299,101300,101301,101302,101303,101304,101305,101306,101307,101308,101309,101310,101311,101312
72,7201,'5457',101313
72,7201,'5458',101314,101315,101316,101317,101318,101319,101320,101321,101322,101323,101324,101325,101326,101327,101328,101329,101330,101331,101332,101333,101334,101335,101336,101337,101338,101339,101340,101341,101342,101343,101344,101345,101346,101347
72,7201,'5459',101348,101349,101350,101351,101352,101353,101354,101355,101356,101357,101358,101359,101360,101361,101362,101363,101364,101365,101366,101367,101368,101369,101370,101371,101372,101373,101374,101375,101376
72,7201,'5460',101377,101378,101379,101380,101381,101382,101383,101384,101385,101386,101387,101388,101389,101390,101391,101392,101393,101394,101395,101396,101397,101398,101399,101400,101401
72,7201,'5461',101402,101403,101404,101405,101406,101407,101408,101409,101410,101411,101412,101413,101414,101415,101416,101417,101418,101419,101420,101421,101422,101423,101424,101425,101426
72,7201,'5462',101427,101428,101429,101430,101431,101432,101433,101434,101435,101436,101437,101438,101439,101440,101441,101442,101443,101444,101445,101446,101447,101448,101449,101450,101451
72,7201,'5463',101452,101453,101454,101455,101456,101457,101458,101459,101460,101461,101462,101463,101464,101465,101466,101467,101468,101469,101470,101471,101472,101473,101474,101475,101476
75,7500,'4832',86224,81195,75561,75562,75563,81196,75565,86225,86226,86227,86228,86229,75571,86230,75573,75574,81200,86231,86232,75578,86233,86234,86235,86236,81205,81206,75585,75586,86237
75,7500,'5453',86238,81241,81242,81243,81244,86239,86240,86241,81248,86242,86243,86244,86245,86246,86247,81255,81256,81257,86248,81259,86249,86250,86251,86252,86253,81265,81266,81267,86254
75,7500,'5456',101477,101478,101479,101480,101481,101482,101483,101484,101485,101486,101487,101488,101489,101490,101491,101492,101493,101494,101495,101496,101497,101498,101499,101500,101501,101502,101503,101504,101505,101506,101507,101508,101509,101510,101511,101512,101513,101514,101515
75,7500,'5458',101516,101517,101518,101519,101520,101521,101522,101523,101524,101525,101526,101527,101528,101529,101530,101531,101532,101533,101534,101535,101536,101537,101538,101539,101540,101541,101542,101543,101544,101545,101546,101547,101548,101549,101550,101551,101552,101553,101554
75,7500,'5459',101555,101556,101557,101558,101559,101560,101561,101562,101563,101564,101565,101566,101567,101568,101569,101570,101571,101572,101573,101574,101575,101576,101577
75,7500,'5460',101578,101579,101580,101581,101582,101583,101584,101585,101586,101587,101588,101589,101590,101591,101592,101593,101594,101595,101596,101597,101598
75,7500,'5461',101599,101600,101601,101602,101603,101604,101605,101606,101607,101608,101609,101610,101611,101612,101613,101614,101615,101616,101617,101618,101619
75,7500,'5462',101620,101621,101622,101623,101624,101625,101626,101627,101628,101629,101630,101631,101632,101633,101634,101635,101636,101637,101638,101639,101640
75,7500,'5463',101641,101642,101643,101644,101645,101646,101647,101648,101649,101650,101651,101652,101653,101654,101655,101656,101657,101658,101659,101660,101661
75,7501,'4832',86296,86297,86298,81302,75783,75784,86299,75786,75787,81304,86300,86301,86302,86303,86304,86305,75795,75796,81308,86306,75799,86307,86308,81311,86309,75804,75805,75806,75807,75808,75809,86310,86311
75,7501,'5453',86312,86313,81350,81351,81352,81353,86314,81355,81356,86315,86316,86317,86318,86319,86320,86321,86322,81365,81366,81367,81368,86323,86324,81371,86325,81373,86326,81375,81376,81377,86327,86328,86329
75,7501,'5456',101662,101663,101664,101665,101666,101667,101668,101669,101670,101671,101672,101673,101674,101675,101676,101677,101678,101679,101680,101681,101682,101683,101684,101685,101686,101687,101688,101689,101690,101691,101692,101693,101694,101695,101696,101697,101698
75,7501,'5458',101699,101700,101701,101702,101703,101704,101705,101706,101707,101708,101709,101710,101711,101712,101713,101714,101715,101716,101717,101718,101719,101720,101721,101722,101723,101724,101725,101726,101727,101728,101729,101730,101731,101732,101733,101734,101735
75,7501,'5459',101736,101737,101738,101739,101740,101741,101742,101743,101744,101745,101746,101747,101748,101749,101750,101751,101752,101753,101754,101755,101756,101757,101758
75,7501,'5460',101759,101760,101761,101762,101763,101764,101765,101766,101767,101768,101769,101770,101771,101772,101773,101774,101775,101776,101777,101778,101779,101780
75,7501,'5461',101781,101782,101783,101784,101785,101786,101787,101788,101789,101790,101791,101792,101793,101794,101795,101796,101797,101798,101799,101800,101801,101802
75,7501,'5462',101803,101804,101805,101806,101807,101808,101809,101810,101811,101812,101813,101814,101815,101816,101817,101818,101819,101820,101821,101822,101823,101824
75,7501,'5463',101825,101826,101827,101828,101829,101830,101831,101832,101833,101834,101835,101836,101837,101838,101839,101840,101841,101842,101843,101844,101845,101846
76,7600,'5458',101847,101848
76,7601,'5453',81381,81382,81383
76,7601,'5460',101849,101850,101851
76,7601,'5462',101852,101853,101854
81,8100,'4832',75903,81395,75905,75906,81396,86358,86359,86360,86361,75912,75913,81398,86362,86363
81,8100,'5453',81414,81415,81416,81417,86364,86365,86366,86367,86368,86369,81424,81425,81426,86370
81,8100,'5456',101855,101856,101857,101858,101859,101860,101861,101862,101863,101864,101865,101866,101867,101868,101869,101870
81,8100,'5458',101871,101872,101873,101874,101875,101876,101877,101878,101879,101880,101881,101882,101883,101884,101885,101886
81,8100,'5459',101887,101888,101889,101890,101891,101892,101893,101894,101895,101896,101897,101898,101899,101900
81,8100,'5460',101901,101902,101903,101904,101905,101906,101907,101908,101909,101910,101911,101912,101913,101914
81,8100,'5461',101915,101916,101917,101918,101919,101920,101921,101922,101923,101924,101925,101926,101927,101928
81,8100,'5462',101929,101930,101931,101932,101933,101934,101935,101936,101937,101938,101939,101940,101941,101942
81,8100,'5463',101943,101944,101945,101946,101947,101948,101949,101950,101951,101952,101953,101954,101955,101956
81,8101,'4832',81438,75990,75991,75992,81439,86385,86386,86387,86388,75998,75999,81441,86389
81,8101,'5453',81455,81456,81457,81458,86390,86391,86392,86393,86394,86395,81465,81466,81467
81,8101,'5456',101957,101958,101959,101960,101961,101962,101963,101964,101965,101966,101967,101968,101969,101970,101971,101972
81,8101,'5458',101973,101974,101975,101976,101977,101978,101979,101980,101981,101982,101983,101984,101985,101986,101987,101988
81,8101,'5459',101989,101990,101991,101992,101993,101994,101995,101996,101997,101998,101999,102000,102001
81,8101,'5460',102002,102003,102004,102005,102006,102007,102008,102009,102010,102011,102012,102013,102014
81,8101,'5461',102015,102016,102017,102018,102019,102020,102021,102022,102023,102024,102025,102026,102027
81,8101,'5462',102028,102029,102030,102031,102032,102033,102034,102035,102036,102037,102038,102039,102040
81,8101,'5463',102041,102042,102043,102044,102045,102046,102047,102048,102049,102050,102051,102052,102053
83,8300,'4832',86406,86407,86408,86409
83,8300,'5453',86410,86411,86412,86413
83,8300,'5456',102054,102055,102056,102057,102058,102059,102060
83,8300,'5458',102061,102062,102063,102064,102065,102066,102067
83,8300,'5459',102068,102069,102070,102071
83,8300,'5460',102072,102073,102074,102075
83,8300,'5461',102076,102077,102078,102079
83,8300,'5462',102080,102081,102082,102083
83,8300,'5463',102084,102085,102086,102087
83,8301,'4832',86421,86422,86423,86424
83,8301,'5453',86425,86426,86427,86428
83,8301,'5456',102088,102089,102090,102091,102092,102093,102094,102095
83,8301,'5458',102096,102097,102098,102099,102100,102101,102102,102103
83,8301,'5459',102104,102105,102106,102107
83,8301,'5460',102108,102109,102110,102111
83,8301,'5461',102112,102113,102114,102115
83,8301,'5462',102116,102117,102118,102119
83,8301,'5463',102120,102121,102122,102123
85,8500,'4832',86438,86439,86440,86441
85,8500,'5453',86442,86443,86444,86445
85,8500,'5456',102124,102125,102126,102127,102128,102129,102130,102131
85,8500,'5458',102132,102133,102134,102135,102136,102137,102138,102139
85,8500,'5459',102140,102141,102142,102143
85,8500,'5460',102144,102145,102146,102147
85,8500,'5461',102148,102149,102150,102151
85,8500,'5462',102152,102153,102154,102155
85,8500,'5463',102156,102157,102158,102159
87,8700,'5456',102160,102161,102162,102163,102164,102165,102166
87,8700,'5458',102167,102168,102169,102170,102171,102172,102173
87,8701,'5456',102174,102175,102176,102177,102178,102179
87,8701,'5458',102180,102181,102182,102183,102184,102185
88,8800,'4832',86470,76176,86471,86472,86473,86474,76181,76182,76183,76184,76185,86475,86476,86477
88,8800,'5453',86478,81481,86479,86480,86481,86482,81486,81487,81488,81489,81490,86483,86484,86485
88,8800,'5456',102186,102187,102188,102189,102190,102191
88,8800,'5458',102192,102193,102194,102195,102196,102197
88,8800,'5459',102198,102199,102200,102201,102202,102203,102204,102205,102206,102207,102208,102209,102210,102211
88,8800,'5460',102212,102213,102214,102215,102216,102217,102218,102219,102220,102221,102222,102223,102224,102225
88,8800,'5461',102226,102227,102228,102229,102230,102231,102232,102233,102234,102235,102236,102237,102238,102239
88,8800,'5462',102240,102241,102242,102243,102244,102245,102246,102247,102248,102249,102250,102251,102252,102253
88,8800,'5463',102254,102255,102256,102257,102258,102259,102260,102261,102262,102263,102264,102265,102266,102267
88,8801,'4832',86493,86494,86495,76248,86496,86497,86498,86499,86500,76254,76255,76256,76257,76258
88,8801,'5453',86501,86502,86503,81497,86504,86505,86506,86507,86508,81503,81504,81505,81506,81507
88,8801,'5456',102268,102269,102270,102271,102272,102273,102274
88,8801,'5458',102275,102276,102277,102278,102279,102280,102281
88,8801,'5459',102282,102283,102284,102285,102286,102287,102288,102289,102290,102291,102292,102293,102294,102295
88,8801,'5460',102296,102297,102298,102299,102300,102301,102302,102303,102304,102305,102306,102307,102308,102309
88,8801,'5461',102310,102311,102312,102313,102314,102315,102316,102317,102318,102319,102320,102321,102322,102323
88,8801,'5462',102324,102325,102326,102327,102328,102329,102330,102331,102332,102333,102334,102335,102336,102337
88,8801,'5463',102338,102339,102340,102341,102342,102343,102344,102345,102346,102347,102348,102349,102350,102351
95,9500,'4832',86672,86673,86674,86675,86676,86677,86678,86679,86680,86681,86682,86683,86684,86685,86686,86687,86688,86689,86690,86691,86692,86693,86694,86695,86696,86697,86698,86699,86700,86701,86702,86703,86704,86705,86706,86707,86708,86709,86710,86711,86712,86713,86714,86715,86716,86717,86718,86719,86720,86721,86722,86723,86724,86725,86726,86727,86728,86729,86730,86731,86732,86733,86734,86735,86736,86737,86738,86739
95,9500,'5453',86740,86741,86742,86743,86744,86745,86746,86747,86748,86749,86750,86751,86752,86753,86754,86755,86756,86757,86758,86759,86760,86761,86762,86763,86764,86765,86766,86767,86768,86769,86770,86771,86772,86773,86774,86775,86776,86777,86778,86779,86780,86781,86782,86783,86784,86785,86786,86787,86788,86789,86790,86791,86792,86793,86794,86795,86796,86797,86798,86799,86800,86801,86802,86803,86804,86805,86806,86807
95,9500,'5456',102352,102353,102354,102355,102356,102357,102358,102359,102360,102361,102362,102363,102364,102365,102366,102367,102368,102369,102370,102371,102372,102373,102374,102375,102376,102377,102378,102379,102380,102381,102382,102383,102384,102385,102386,102387,102388,102389,102390,102391,102392,102393,102394,102395,102396,102397,102398,102399,102400,102401,102402,102403,102404,102405,102406,102407,102408,102409,102410,102411,102412,102413,102414,102415,102416,102417,102418,102419,102420,102421,102422,102423,102424,102425,102426,102427,102428,102429,102430,102431,102432,102433,102434,102435,102436,102437,102438,102439,102440,102441,102442,102443,102444,102445,102446,102447
95,9500,'5458',102448,102449,102450,102451,102452,102453,102454,102455,102456,102457,102458,102459,102460,102461,102462,102463,102464,102465,102466,102467,102468,102469,102470,102471,102472,102473,102474,102475,102476,102477,102478,102479,102480,102481,102482,102483,102484,102485,102486,102487,102488,102489,102490,102491,102492,102493,102494,102495,102496,102497,102498,102499,102500,102501,102502,102503,102504,102505,102506,102507,102508,102509,102510,102511,102512,102513,102514,102515,102516,102517,102518,102519,102520,102521,102522,102523,102524,102525,102526,102527,102528,102529,102530,102531,102532,102533,102534,102535,102536,102537,102538,102539,102540,102541,102542,102543,102544,102545,102546
95,9500,'5459',102547,102548,102549,102550,102551,102552,102553,102554,102555,102556,102557,102558,102559,102560,102561,102562,102563,102564,102565,102566,102567,102568,102569,102570,102571,102572,102573,102574,102575,102576,102577,102578,102579,102580,102581,102582,102583,102584,102585,102586,102587,102588,102589,102590,102591,102592,102593,102594,102595,102596,102597,102598,102599,102600,102601,102602,102603,102604,102605,102606,102607,102608,102609,102610,102611,102612,102613,102614,102615,102616,102617,102618,102619,102620,102621,102622,102623
95,9500,'5460',102624,102625,102626,102627,102628,102629,102630,102631,102632,102633,102634,102635,102636,102637,102638,102639,102640,102641,102642,102643,102644,102645,102646,102647,102648,102649,102650,102651,102652,102653,102654,102655,102656,102657,102658,102659,102660,102661,102662,102663,102664,102665,102666,102667,102668,102669,102670,102671,102672,102673,102674,102675,102676,102677,102678,102679,102680,102681,102682,102683,102684,102685,102686,102687,102688,102689,102690,102691
95,9500,'5461',102692,102693,102694,102695,102696,102697,102698,102699,102700,102701,102702,102703,102704,102705,102706,102707,102708,102709,102710,102711,102712,102713,102714,102715,102716,102717,102718,102719,102720,102721,102722,102723,102724,102725,102726,102727,102728,102729,102730,102731,102732,102733,102734,102735,102736,102737,102738,102739,102740,102741,102742,102743,102744,102745,102746,102747,102748,102749,102750,102751,102752,102753,102754,102755,102756,102757,102758,102759
95,9500,'5462',102760,102761,102762,102763,102764,102765,102766,102767,102768,102769,102770,102771,102772,102773,102774,102775,102776,102777,102778,102779,102780,102781,102782,102783,102784,102785,102786,102787,102788,102789,102790,102791,102792,102793,102794,102795,102796,102797,102798,102799,102800,102801,102802,102803,102804,102805,102806,102807,102808,102809,102810,102811,102812,102813,102814,102815,102816,102817,102818,102819,102820,102821,102822,102823,102824,102825,102826,102827
95,9500,'5463',102828,102829,102830,102831,102832,102833,102834,102835,102836,102837,102838,102839,102840,102841,102842,102843,102844,102845,102846,102847,102848,102849,102850,102851,102852,102853,102854,102855,102856,102857,102858,102859,102860,102861,102862,102863,102864,102865,102866,102867,102868,102869,102870,102871,102872,102873,102874,102875,102876,102877,102878,102879,102880,102881,102882,102883,102884,102885,102886,102887,102888,102889,102890,102891,102892,102893,102894,102895
95,9501,'4832',87058,87059,87060,87061,87062,87063,87064,87065,87066,87067,87068,87069,87070,87071,87072,87073,87074,87075,87076,87077,87078,87079,87080,87081,87082,87083,87084,87085,87086,87087,87088,87089,87090,87091,87092,87093,87094,87095,87096,87097,87098,87099,87100,87101,87102,87103,87104,87105,87106,87107,87108,87109,87110,87111,87112,87113,87114,87115,87116,87117,87118,87119,87120,87121,87122,87123,87124
95,9501,'5453',87125,87126,87127,87128,87129,87130,87131,87132,87133,87134,87135,87136,87137,87138,87139,87140,87141,87142,87143,87144,87145,87146,87147,87148,87149,87150,87151,87152,87153,87154,87155,87156,87157,87158,87159,87160,87161,87162,87163,87164,87165,87166,87167,87168,87169,87170,87171,87172,87173,87174,87175,87176,87177,87178,87179,87180,87181,87182,87183,87184,87185,87186,87187,87188,87189,87190,87191
95,9501,'5456',102896,102897,102898,102899,102900,102901,102902,102903,102904,102905,102906,102907,102908,102909,102910,102911,102912,102913,102914,102915,102916,102917,102918,102919,102920,102921,102922,102923,102924,102925,102926,102927,102928,102929,102930,102931,102932,102933,102934,102935,102936,102937,102938,102939,102940,102941,102942,102943,102944,102945,102946,102947,102948,102949,102950,102951,102952,102953,102954,102955,102956,102957,102958,102959,102960,102961,102962,102963,102964,102965,102966,102967,102968,102969,102970,102971,102972,102973,102974,102975,102976,102977,102978,102979,102980,102981,102982,102983,102984,102985,102986,102987,102988,102989,102990,102991,102992,102993
95,9501,'5458',102994,102995,102996,102997,102998,102999,103000,103001,103002,103003,103004,103005,103006,103007,103008,103009,103010,103011,103012,103013,103014,103015,103016,103017,103018,103019,103020,103021,103022,103023,103024,103025,103026,103027,103028,103029,103030,103031,103032,103033,103034,103035,103036,103037,103038,103039,103040,103041,103042,103043,103044,103045,103046,103047,103048,103049,103050,103051,103052,103053,103054,103055,103056,103057,103058,103059,103060,103061,103062,103063,103064,103065,103066,103067,103068,103069,103070,103071,103072,103073,103074,103075,103076,103077,103078,103079,103080,103081,103082,103083,103084,103085,103086,103087,103088,103089,103090,103091,103092,103093,103094,103095
95,9501,'5459',103096,103097,103098,103099,103100,103101,103102,103103,103104,103105,103106,103107,103108,103109,103110,103111,103112,103113,103114,103115,103116,103117,103118,103119,103120,103121,103122,103123,103124,103125,103126,103127,103128,103129,103130,103131,103132,103133,103134,103135,103136,103137,103138,103139,103140,103141,103142,103143,103144,103145,103146,103147,103148,103149,103150,103151,103152,103153,103154,103155,103156,103157,103158,103159,103160,103161,103162,103163,103164,103165,103166,103167,103168,103169,103170,103171,103172,103173,103174
95,9501,'5460',103175,103176,103177,103178,103179,103180,103181,103182,103183,103184,103185,103186,103187,103188,103189,103190,103191,103192,103193,103194,103195,103196,103197,103198,103199,103200,103201,103202,103203,103204,103205,103206,103207,103208,103209,103210,103211,103212,103213,103214,103215,103216,103217,103218,103219,103220,103221,103222,103223,103224,103225,103226,103227,103228,103229,103230,103231,103232,103233,103234,103235,103236,103237,103238,103239,103240,103241
95,9501,'5461',103242,103243,103244,103245,103246,103247,103248,103249,103250,103251,103252,103253,103254,103255,103256,103257,103258,103259,103260,103261,103262,103263,103264,103265,103266,103267,103268,103269,103270,103271,103272,103273,103274,103275,103276,103277,103278,103279,103280,103281,103282,103283,103284,103285,103286,103287,103288,103289,103290,103291,103292,103293,103294,103295,103296,103297,103298,103299,103300,103301,103302,103303,103304,103305,103306,103307,103308
95,9501,'5462',103309,103310,103311,103312,103313,103314,103315,103316,103317,103318,103319,103320,103321,103322,103323,103324,103325,103326,103327,103328,103329,103330,103331,103332,103333,103334,103335,103336,103337,103338,103339,103340,103341,103342,103343,103344,103345,103346,103347,103348,103349,103350,103351,103352,103353,103354,103355,103356,103357,103358,103359,103360,103361,103362,103363,103364,103365,103366,103367,103368,103369,103370,103371,103372,103373,103374,103375
95,9501,'5463',103376,103377,103378,103379,103380,103381,103382,103383,103384,103385,103386,103387,103388,103389,103390,103391,103392,103393,103394,103395,103396,103397,103398,103399,103400,103401,103402,103403,103404,103405,103406,103407,103408,103409,103410,103411,103412,103413,103414,103415,103416,103417,103418,103419,103420,103421,103422,103423,103424,103425,103426,103427,103428,103429,103430,103431,103432,103433,103434,103435,103436,103437,103438,103439,103440,103441,103442
10006,1000600,'4832',87293,87294,87295,81686,81687,87296,87297,81690,81691,81692,87298,87299,81695,87300,87301,87302
10006,1000600,'5453',87303,87304,81739,87305,87306,87307,87308,87309,87310,87311,87312,87313,87314,87315,87316,81752
10006,1000600,'5456',103443,103444,103445,103446,103447,103448,103449,103450,103451,103452,103453,103454,103455,103456,103457,103458,103459,103460,103461,103462,103463,103464,103465,103466,103467
10006,1000600,'5458',103468,103469,103470,103471,103472,103473,103474,103475,103476,103477,103478,103479,103480,103481,103482,103483,103484,103485,103486,103487,103488,103489,103490,103491,103492
10006,1000600,'5459',103493,103494,103495,103496,103497,103498,103499,103500,103501,103502,103503,103504,103505,103506,103507,103508,103509,103510,103511,103512
10006,1000600,'5460',103513,103514,103515,103516,103517,103518,103519,103520,103521,103522,103523,103524,103525,103526,103527,103528
10006,1000600,'5461',103529,103530,103531,103532,103533,103534,103535,103536,103537,103538,103539,103540,103541,103542,103543,103544
10006,1000600,'5462',103545,103546,103547,103548,103549,103550,103551,103552,103553,103554,103555,103556,103557,103558,103559,103560
10006,1000600,'5463',103561,103562,103563,103564,103565,103566,103567,103568,103569,103570,103571,103572,103573,103574,103575,103576
10006,1000601,'4832',81789,87339,87340,81792,87341,87342,87343,81796,81797,87344,87345,81799,81800,87346,87347,87348
10006,1000601,'5453',87349,87350,87351,87352,87353,87354,87355,87356,87357,81846,87358,87359,87360,87361,87362,81852
10006,1000601,'5456',103577,103578,103579,103580,103581,103582,103583,103584,103585,103586,103587,103588,103589,103590,103591,103592,103593,103594,103595,103596,103597,103598,103599
10006,1000601,'5458',103600,103601,103602,103603,103604,103605,103606,103607,103608,103609,103610,103611,103612,103613,103614,103615,103616,103617,103618,103619,103620,103621,103622
10006,1000601,'5459',103623,103624,103625,103626,103627,103628,103629,103630,103631,103632,103633,103634,103635,103636,103637,103638,103639,103640,103641
10006,1000601,'5460',103642,103643,103644,103645,103646,103647,103648,103649,103650,103651,103652,103653,103654,103655,103656,103657
10006,1000601,'5461',103658,103659,103660,103661,103662,103663,103664,103665,103666,103667,103668,103669,103670,103671,103672,103673
10006,1000601,'5462',103674,103675,103676,103677,103678,103679,103680,103681,103682,103683,103684,103685,103686,103687,103688,103689
10006,1000601,'5463',103690,103691,103692,103693,103694,103695,103696,103697,103698,103699,103700,103701,103702,103703,103704,103705
10022,1002200,'5456',103706,103707,103708,103709,103710,103711
10022,1002200,'5458',103712,103713,103714,103715,103716,103717
10022,1002201,'5456',103718,103719,103720,103721,103722,103723,103724,103725,103726
10022,1002201,'5458',103727,103728,103729,103730,103731,103732,103733,103734,103735
10026,1002601,'5456',103736,103737,103738,103739,103740,103741,103742,103743,103744,103745,103746,103747,103748,103749,103750,103751
10026,1002601,'5458',103752,103753,103754,103755,103756,103757,103758,103759,103760,103761,103762,103763,103764,103765,103766,103767
10072,1007200,'5456',103768
10072,1007200,'5458',103769
10072,1007200,'5459',103770,103771
10072,1007200,'5460',103772
10072,1007200,'5461',103773
10072,1007200,'5462',103774
10072,1007200,'5463',103775
10072,1007201,'5456',103776,103777,103778
10072,1007201,'5458',103779,103780,103781
10072,1007201,'5459',103782,103783,103784
10072,1007201,'5460',103785,103786
10072,1007201,'5461',103787,103788
10072,1007201,'5462',103789,103790
10072,1007201,'5463',103791,103792
10088,1008800,'5456',103793,103794,103795,103796,103797,103798,103799,103800,103801,103802,103803,103804,103805,103806,103807,103808,103809
10088,1008800,'5458',103810,103811,103812,103813,103814,103815,103816,103817,103818,103819,103820,103821,103822,103823,103824,103825,103826
10088,1008801,'5456',103827,103828,103829,103830,103831,103832,103833,103834,103835,103836,103837,103838,103839,103840,103841
10088,1008801,'5458',103842,103843,103844,103845,103846,103847,103848,103849,103850,103851,103852,103853,103854,103855,103856
20006,2000600,'5456',103857,103858,103859,103860,103861,103862,103863,103864,103865,103866,103867,103868,103869,103870,103871,103872,103873,103874,103875,103876
20006,2000600,'5458',103877,103878,103879,103880,103881,103882,103883,103884,103885,103886,103887,103888,103889,103890,103891,103892,103893,103894,103895,103896
20006,2000601,'5456',103897,103898,103899,103900,103901,103902,103903,103904,103905,103906,103907,103908,103909,103910,103911,103912,103913,103914,103915
20006,2000601,'5458',103916,103917,103918,103919,103920,103921,103922,103923,103924,103925,103926,103927,103928,103929,103930,103931,103932,103933,103934
140007,14000700,'4832',77671,77672,77673,77674,77675
140007,14000700,'5453',81925,81926,81927,81928,81929
140007,14000700,'5456',103935,103936,103937,103938,103939,103940
140007,14000700,'5458',103941,103942,103943,103944,103945,103946
140007,14000700,'5459',103947,103948,103949,103950,103951,103952
140007,14000700,'5460',103953,103954,103955,103956,103957
140007,14000700,'5461',103958,103959,103960,103961,103962
140007,14000700,'5462',103963,103964,103965,103966,103967
140007,14000700,'5463',103968,103969,103970,103971,103972
140007,14000701,'4832',77705,77706,77707,77708,77709,77710
140007,14000701,'5453',81930,81931,81932,81933,81934,81935
140007,14000701,'5456',103973,103974,103975,103976,103977,103978
140007,14000701,'5458',103979,103980,103981,103982,103983,103984
140007,14000701,'5459',103985,103986,103987,103988,103989,103990
140007,14000701,'5460',103991,103992,103993,103994,103995,103996
140007,14000701,'5461',103997,103998,103999,104000,104001,104002
140007,14000701,'5462',104003,104004,104005,104006,104007,104008
140007,14000701,'5463',104009,104010,104011,104012,104013,104014
140021,14002100,'4832',77737,77738,77739
140021,14002100,'5453',81936,81937,81938
140021,14002100,'5456',104015,104016,104017,104018,104019
140021,14002100,'5458',104020,104021,104022,104023,104024
140021,14002100,'5459',104025,104026,104027,104028,104029
140021,14002100,'5460',104030,104031,104032
140021,14002100,'5461',104033,104034,104035
140021,14002100,'5462',104036,104037,104038
140021,14002100,'5463',104039,104040,104041
240027,24002700,'5456',104042,104043,104044,104045
240027,24002700,'5458',104046,104047,104048,104049
240027,24002701,'5456',104050,104051,104052,104053
240027,24002701,'5458',104054,104055,104056,104057
240028,24002800,'5456',104058,104059,104060,104061,104062,104063
240028,24002800,'5458',104064,104065,104066,104067,104068,104069
240051,24005100,'5456',104070,104071,104072,104073,104074,104075,104076,104077,104078,104079,104080,104081,104082,104083,104084,104085,104086
240051,24005100,'5458',104087,104088,104089,104090,104091,104092,104093,104094,104095,104096,104097,104098,104099,104100,104101,104102,104103
240051,24005101,'5456',104104,104105,104106,104107,104108,104109,104110,104111,104112,104113,104114,104115,104116,104117,104118,104119,104120,104121
240051,24005101,'5458',104122,104123,104124,104125,104126,104127,104128,104129,104130,104131,104132,104133,104134,104135,104136,104137,104138,104139
240070,24007001,'4832',87448,77833,87449,87450,87451,87452,87453,87454
240070,24007001,'5453',87455,81942,87456,87457,81945,87458,87459,87460,81949,87461,81951,87462
240070,24007001,'5456',104140
240070,24007001,'5458',104141,104142,104143,104144,104145,104146
240070,24007001,'5459',104147,104148,104149,104150,104151,104152,104153
240070,24007001,'5460',104154,104155,104156,104157,104158,104159,104160
240070,24007001,'5461',104161,104162,104163,104164,104165,104166,104167,104168,104169,104170,104171
240070,24007001,'5462',104172,104173,104174,104175,104176,104177,104178,104179,104180,104181,104182
240070,24007001,'5463',104183,104184,104185,104186,104187,104188,104189,104190,104191
